Date,Equal Portfolio Growth
2019-01-03,0.978607286427303
2019-01-04,1.0118425546486018
2019-01-05,1.0057852281711719
2019-01-06,1.0589591519860533
2019-01-07,1.0382518081087306
2019-01-08,1.0673370534621351
2019-01-09,1.073867140659313
2019-01-10,0.9522243451113516
2019-01-11,0.9664083539045417
2019-01-12,0.9546208335885217
2019-01-13,0.9091592259297988
2019-01-14,0.9757634703767475
2019-01-15,0.9558395768884663
2019-01-16,0.9698859693199255
2019-01-17,0.9794796727420709
2019-01-18,0.9676946840768574
2019-01-19,0.9887710986230992
2019-01-20,0.9569422813691324
2019-01-21,0.9580332178098938
2019-01-22,0.9700315858486565
2019-01-23,0.9605900803314436
2019-01-24,0.9683533101889894
2019-01-25,0.9700059129545944
2019-01-26,0.9710302365042486
2019-01-27,0.9552203199095608
2019-01-28,0.8964626089912742
2019-01-29,0.8944159976448829
2019-01-30,0.9110913429324428
2019-01-31,0.8884842230854678
2019-02-01,0.9043590688413699
2019-02-02,0.9191904179519247
2019-02-03,0.896398671028983
2019-02-04,0.900234644037978
2019-02-05,0.9064000359702417
2019-02-06,0.8879934673175216
2019-02-07,0.8870752352896136
2019-02-08,0.983904117278968
2019-02-09,0.9909285685285649
2019-02-10,0.9999072212651949
2019-02-11,0.9743186859623224
2019-02-12,0.9711900876082021
2019-02-13,0.9686548862498604
2019-02-14,0.956504847874218
2019-02-15,0.972406913436657
2019-02-16,0.976435473977639
2019-02-17,0.994541688799471
2019-02-18,1.0636778381148593
2019-02-19,1.0781538466374252
2019-02-20,1.1004777440429134
2019-02-21,1.0674257023539162
2019-02-22,1.0874148230403087
2019-02-23,1.1217490719594079
2019-02-24,1.011069501253392
2019-02-25,1.0479061872088642
2019-02-26,1.0305037643224926
2019-02-27,1.0254406649005334
2019-02-28,1.0293221192059754
2019-03-01,1.0370627599909903
2019-03-02,1.0337619887616776
2019-03-03,1.0316833525747857
2019-03-04,1.0069152856733425
2019-03-05,1.0731501517246869
2019-03-06,1.0809601884790752
2019-03-07,1.0882332995489639
2019-03-08,1.0753204857902392
2019-03-09,1.10123585836945
2019-03-10,1.1126684180805304
2019-03-11,1.0911114752790039
2019-03-12,1.1159785842123373
2019-03-13,1.104536758345091
2019-03-14,1.1227424351318838
2019-03-15,1.1350894293877394
2019-03-16,1.164796442938109
2019-03-17,1.1495751943059929
2019-03-18,1.1548210218176425
2019-03-19,1.1680361815880844
2019-03-20,1.1697933872585808
2019-03-21,1.1486124269010558
2019-03-22,1.1703198669343928
2019-03-23,1.186400404970272
2019-03-24,1.1865894318992822
2019-03-25,1.1644651065474074
2019-03-26,1.1604015526715243
2019-03-27,1.2098736775310284
2019-03-28,1.1953800074180818
2019-03-29,1.2097636560006335
2019-03-30,1.2106585242330252
2019-03-31,1.2174701078603423
2019-04-01,1.2594552288774288
2019-04-02,1.4406981091778481
2019-04-03,1.441480023167826
2019-04-04,1.4595311748505275
2019-04-05,1.5218674839617465
2019-04-06,1.5141074295703134
2019-04-07,1.5828529886757667
2019-04-08,1.5611110402079866
2019-04-09,1.5032426628038902
2019-04-10,1.54552766457205
2019-04-11,1.430097346388225
2019-04-12,1.4408662922643616
2019-04-13,1.4563088837175118
2019-04-14,1.4969638063954838
2019-04-15,1.4668014835629242
2019-04-16,1.5022462856975682
2019-04-17,1.5050343690588286
2019-04-18,1.5444939556229336
2019-04-19,1.544583233600684
2019-04-20,1.5324740104894075
2019-04-21,1.4891454574730902
2019-04-22,1.4993287892636968
2019-04-23,1.4835357435724235
2019-04-24,1.435034804701102
2019-04-25,1.355185095508201
2019-04-26,1.369922165323659
2019-04-27,1.3742528147717032
2019-04-28,1.3795357835233548
2019-04-29,1.3476853271367077
2019-04-30,1.4131284393274588
2019-05-01,1.4137839922090933
2019-05-02,1.4230115399631962
2019-05-03,1.4929838160814888
2019-05-04,1.4822626736273576
2019-05-05,1.4507699163933343
2019-05-06,1.4604537074590676
2019-05-07,1.4330172516750872
2019-05-08,1.4628422101075098
2019-05-09,1.4227326166461005
2019-05-10,1.4529503604933924
2019-05-11,1.620823840217503
2019-05-12,1.5461904449890935
2019-05-13,1.6385917866520927
2019-05-14,1.8039252266155266
2019-05-15,1.9849193971384769
2019-05-16,1.9530739252254827
2019-05-17,1.835497906373594
2019-05-18,1.810818166405984
2019-05-19,1.9801895029076462
2019-05-20,1.9518901687154044
2019-05-21,1.9943632085079472
2019-05-22,1.9060364175838422
2019-05-23,1.945033385581589
2019-05-24,1.9898501978955647
2019-05-25,1.978571193547463
2019-05-26,2.0889009557589895
2019-05-27,2.187241608912068
2019-05-28,2.1879724972036128
2019-05-29,2.1563442051629713
2019-05-30,2.0550226621924725
2019-05-31,2.122710904736365
2019-06-01,2.1118202765684906
2019-06-02,2.1994758421259357
2019-06-03,2.066830499612681
2019-06-04,1.950608180957856
2019-06-05,1.9909663065794405
2019-06-06,2.0308976850501748
2019-06-07,2.0760338197700157
2019-06-08,2.058487206242243
2019-06-09,1.9565010436867736
2019-06-10,2.067698107213942
2019-06-11,2.054976469277789
2019-06-12,2.1273230165647754
2019-06-13,2.2070315652212575
2019-06-14,2.2094164632048927
2019-06-15,2.255120716639397
2019-06-16,2.3289212583602628
2019-06-17,2.347473599035746
2019-06-18,2.261971550889165
2019-06-19,2.3036918333951606
2019-06-20,2.3219907895433094
2019-06-21,2.38142341927989
2019-06-22,2.614387181229847
2019-06-23,2.546562965873465
2019-06-24,2.576532124210916
2019-06-25,2.6158038202349885
2019-06-26,2.702644883843775
2019-06-27,2.4309267068505243
2019-06-28,2.551726819765067
2019-06-29,2.633248103861143
2019-06-30,2.4094323525325914
2019-07-01,2.4301582629442318
2019-07-02,2.4193717228869556
2019-07-03,2.485904801919972
2019-07-04,2.4173565233920993
2019-07-05,2.4533936732961115
2019-07-06,2.454128604121664
2019-07-07,2.535953859448269
2019-07-08,2.5641782995072187
2019-07-09,2.494636580704719
2019-07-10,2.3578645546127914
2019-07-11,2.1796425730522633
2019-07-12,2.3130183608019212
2019-07-13,2.23499103382656
2019-07-14,1.993291676578302
2019-07-15,2.1401577306290807
2019-07-16,1.8664288211668205
2019-07-17,1.9901986978365667
2019-07-18,2.078577932675259
2019-07-19,2.0860674079165267
2019-07-20,2.150794196527171
2019-07-21,2.1319141030933526
2019-07-22,2.06918069735028
2019-07-23,1.969746426552177
2019-07-24,2.006348835804904
2019-07-25,2.0064004480075686
2019-07-26,2.0396038017032625
2019-07-27,1.9480154114163188
2019-07-28,1.957998325394986
2019-07-29,1.9431233579922127
2019-07-30,1.9455265670817485
2019-07-31,2.009625729261222
2019-08-01,2.011365170166905
2019-08-02,1.9996514548347957
2019-08-03,2.0248150463747066
2019-08-04,2.033051442624678
2019-08-05,2.1006657896445042
2019-08-06,2.0207376197812366
2019-08-07,2.0504682772786054
2019-08-08,2.016586534245024
2019-08-09,1.9391921364264189
2019-08-10,1.9374243496848533
2019-08-11,2.006616030180511
2019-08-12,1.9790940956808691
2019-08-13,1.9447074435821865
2019-08-14,1.7919500242532669
2019-08-15,1.8129551853837074
2019-08-16,1.8000788442725342
2019-08-17,1.8026547177013161
2019-08-18,1.860634722966998
2019-08-19,1.9105543222617514
2019-08-20,1.8679797640441191
2019-08-21,1.7857210734671614
2019-08-22,1.8355728877539912
2019-08-23,1.8699180676095364
2019-08-24,1.8316889933110236
2019-08-25,1.8376755471479784
2019-08-26,1.8537270720091856
2019-08-27,1.8306686781189454
2019-08-28,1.6940989650153349
2019-08-29,1.6037128398513292
2019-08-30,1.6463067155688298
2019-08-31,1.6324765032970154
2019-09-01,1.6648741397857914
2019-09-02,1.7115304872405974
2019-09-03,1.736860320955268
2019-09-04,1.7055674119008393
2019-09-05,1.685957983585471
2019-09-06,1.6604070408941756
2019-09-07,1.7130949792322174
2019-09-08,1.7292734824423055
2019-09-09,1.7035806525053807
2019-09-10,1.693975975816787
2019-09-11,1.6539333581272109
2019-09-12,1.6770904126132125
2019-09-13,1.6730786278221883
2019-09-14,1.691031787594784
2019-09-15,1.6875823621333197
2019-09-16,1.7028412277427307
2019-09-17,1.7596156973995554
2019-09-18,1.8795974680281629
2019-09-19,1.8452341406217572
2019-09-20,1.8082635107532865
2019-09-21,1.7932192921073211
2019-09-22,1.754122537793233
2019-09-23,1.6697872164852436
2019-09-24,1.4355010237242254
2019-09-25,1.4706024422737
2019-09-26,1.4327638789607722
2019-09-27,1.4651142459303808
2019-09-28,1.4545724697321534
2019-09-29,1.4329795541150672
2019-09-30,1.488881338429007
2019-10-01,1.476296679569941
2019-10-02,1.5013399514191692
2019-10-03,1.4716170890372513
2019-10-04,1.4831644845317553
2019-10-05,1.4726165799012199
2019-10-06,1.4896282165794832
2019-10-07,1.5698992773454565
2019-10-08,1.5654192162299758
2019-10-09,1.6566097499457613
2019-10-10,1.6108001045058589
2019-10-11,1.5796881029746819
2019-10-12,1.5853526434606697
2019-10-13,1.6059096885327373
2019-10-14,1.6504458146921832
2019-10-15,1.6125494604141621
2019-10-16,1.5759527126250004
2019-10-17,1.6171186066595773
2019-10-18,1.5993411911636246
2019-10-19,1.6044698567426798
2019-10-20,1.617377063364815
2019-10-21,1.6441330604365814
2019-10-22,1.6073335646736482
2019-10-23,1.5143071365601424
2019-10-24,1.5491855695571701
2019-10-25,1.7141184276683443
2019-10-26,1.6760094463829918
2019-10-27,1.7490702572708252
2019-10-28,1.7396640299455677
2019-10-29,1.7838282914935553
2019-10-30,1.7504138931733075
2019-10-31,1.7671251124669634
2019-11-01,1.776851441215395
2019-11-02,1.7929929511673817
2019-11-03,1.7802396809817358
2019-11-04,1.8228021526012397
2019-11-05,1.876728946120578
2019-11-06,1.861496956110965
2019-11-07,1.8706375228792045
2019-11-08,1.8146880987877787
2019-11-09,1.8349135643894274
2019-11-10,1.8790515042356815
2019-11-11,1.8426690508902521
2019-11-12,1.8380774115407972
2019-11-13,1.8656198524386536
2019-11-14,1.8294956028391554
2019-11-15,1.7742396980936068
2019-11-16,1.7862795698216403
2019-11-17,1.7906705298290098
2019-11-18,1.707494388746647
2019-11-19,1.67777884002111
2019-11-20,1.660706082845021
2019-11-21,1.582072747440623
2019-11-22,1.53814805703753
2019-11-23,1.5481144647070824
2019-11-24,1.4535874443995664
2019-11-25,1.4674176537376735
2019-11-26,1.4747048230006699
2019-11-27,1.5149983251358625
2019-11-28,1.510368721625543
2019-11-29,1.5601254294563167
2019-11-30,1.5119397272056079
2019-12-01,1.5041212632038576
2019-12-02,1.471909466014823
2019-12-03,1.4742230250417
2019-12-04,1.4476473450416978
2019-12-05,1.45755924656
2019-12-06,1.4726149282332595
2019-12-07,1.470960895334515
2019-12-08,1.4779806409230494
2019-12-09,1.4721845647618632
2019-12-10,1.4671281849528708
2019-12-11,1.4530575759264792
2019-12-12,1.4506875125027967
2019-12-13,1.4499737063146518
2019-12-14,1.4317616684161398
2019-12-15,1.4345677645510557
2019-12-16,1.359493962209005
2019-12-17,1.2576695904778303
2019-12-18,1.3375809934003986
2019-12-19,1.3096254551476403
2019-12-20,1.3820260965632594
2019-12-21,1.3680625529872705
2019-12-22,1.4131141471198474
2019-12-23,1.3359971198969054
2019-12-24,1.3945559158707401
2019-12-25,1.3335524952578681
2019-12-26,1.3855898518560383
2019-12-27,1.3917290579741388
2019-12-28,1.3901097533703275
2019-12-29,1.421425406396791
2019-12-30,1.4002437136367007
2019-12-31,1.362199082100475
2020-01-01,1.386884848174535
2020-01-02,1.365257829515176
2020-01-03,1.4100551323854709
2020-01-04,1.4252017435949242
2020-01-05,1.4544918986608515
2020-01-06,1.551247939200108
2020-01-07,1.5840352915786866
2020-01-08,1.5570110276513491
2020-01-09,1.5389485682931214
2020-01-10,1.5849060940646906
2020-01-11,1.5891931120719442
2020-01-12,1.6227759982743295
2020-01-13,1.591659486001964
2020-01-14,1.7783507014577191
2020-01-15,1.796038144678797
2020-01-16,1.828515881362293
2020-01-17,1.962226152506631
2020-01-18,1.9384978802741746
2020-01-19,1.887451147018572
2020-01-20,1.9087259655213493
2020-01-21,1.9463090774869947
2020-01-22,1.936027187384409
2020-01-23,1.8124916689644668
2020-01-24,1.8147102108531672
2020-01-25,1.7965601570420922
2020-01-26,1.8866513712487747
2020-01-27,1.9724196603039064
2020-01-28,2.006025700154328
2020-01-29,2.0505869641357646
2020-01-30,2.1068154371657957
2020-01-31,2.0579982651856747
2020-02-01,2.1282960330148857
2020-02-02,2.152083566191846
2020-02-03,2.1298431360502956
2020-02-04,2.155400362035476
2020-02-05,2.2626289478611703
2020-02-06,2.3470569987930694
2020-02-07,2.3579527340090953
2020-02-08,2.389573407508285
2020-02-09,2.451859552404285
2020-02-10,2.4134982386670667
2020-02-11,2.5869467634880463
2020-02-12,2.7295738460869163
2020-02-13,2.7045200599629533
2020-02-14,2.8364522145236237
2020-02-15,2.629710892453346
2020-02-16,2.5756288324057124
2020-02-17,2.4997979134685564
2020-02-18,2.5914084040795893
2020-02-19,2.423713089316774
2020-02-20,2.407986024400364
2020-02-21,2.433031289544725
2020-02-22,2.4068848968207415
2020-02-23,2.505527102175
2020-02-24,2.396777604332363
2020-02-25,2.278596304840983
2020-02-26,2.1380248544754186
2020-02-27,2.147134755862527
2020-02-28,2.086744385801007
2020-02-29,2.060704515162168
2020-03-01,2.0446584763413287
2020-03-02,2.1401144906013663
2020-03-03,2.148148723943326
2020-03-04,2.142536816147269
2020-03-05,2.2092100038593068
2020-03-06,2.2219952892035244
2020-03-07,2.1381429247851598
2020-03-08,1.8841940877694772
2020-03-09,1.8935663302971362
2020-03-10,1.8799535681292348
2020-03-11,1.8298721161919587
2020-03-12,1.188344993206692
2020-03-13,1.3853023473615609
2020-03-14,1.2771088768593233
2020-03-15,1.3017072602451034
2020-03-16,1.1685589530504108
2020-03-17,1.2134901065885506
2020-03-18,1.3224290572357358
2020-03-19,1.5317138505344143
2020-03-20,1.4910384060743296
2020-03-21,1.4930261770733348
2020-03-22,1.3947942590196802
2020-03-23,1.5042880511215377
2020-03-24,1.5081034508099498
2020-03-25,1.4864477161590586
2020-03-26,1.5538627314593314
2020-03-27,1.5087783411927842
2020-03-28,1.4563153240331956
2020-03-29,1.3942203712845493
2020-03-30,1.485943392323948
2020-03-31,1.545466842736784
2020-04-01,1.5444336752483023
2020-04-02,1.5788709774647318
2020-04-03,1.5990905974309244
2020-04-04,1.6519676437483461
2020-04-05,1.6262018504671716
2020-04-06,1.809650789504725
2020-04-07,1.867539084503255
2020-04-08,1.8940653336489166
2020-04-09,1.907751394931845
2020-04-10,1.7562480204169808
2020-04-11,1.7963191017134508
2020-04-12,1.7964895066119217
2020-04-13,1.8055491082351534
2020-04-14,1.8044646406646925
2020-04-15,1.7379511852276222
2020-04-16,1.8828361349011997
2020-04-17,1.8781680428184706
2020-04-18,1.9557919931237533
2020-04-19,1.9144368990536256
2020-04-20,1.8462610163016695
2020-04-21,1.8541061297329113
2020-04-22,1.9173335849268869
2020-04-23,1.9920644598486803
2020-04-24,2.032707383174534
2020-04-25,2.0511078778242156
2020-04-26,2.108812667590953
2020-04-27,2.117829761995183
2020-04-28,2.152972599137584
2020-04-29,2.3463482178235315
2020-04-30,2.2117648346910848
2020-05-01,2.315391388288338
2020-05-02,2.3441571568098256
2020-05-03,2.2867756589455595
2020-05-04,2.285709131535473
2020-05-05,2.276492099727882
2020-05-06,2.25801513730638
2020-05-07,2.330540685385174
2020-05-08,2.3256684871723854
2020-05-09,2.3613522488850833
2020-05-10,2.1099656143225043
2020-05-11,2.096265525516238
2020-05-12,2.1724081560032404
2020-05-13,2.2102001255042873
2020-05-14,2.2490967229154073
2020-05-15,2.1876466949573143
2020-05-16,2.2232877239316737
2020-05-17,2.2796773165740616
2020-05-18,2.3173908401754404
2020-05-19,2.334838757127437
2020-05-20,2.3318773407444535
2020-05-21,2.219178695475637
2020-05-22,2.2674056043097544
2020-05-23,2.278097925252032
2020-05-24,2.27789473709052
2020-05-25,2.2658274857712875
2020-05-26,2.2502304561958453
2020-05-27,2.365446287497862
2020-05-28,2.473897471657569
2020-05-29,2.489606043209787
2020-05-30,2.6673571653914028
2020-05-31,2.595715288348465
2020-06-01,2.7359437915379297
2020-06-02,2.6642990435733065
2020-06-03,2.7147618871398493
2020-06-04,2.756349173876453
2020-06-05,2.6747272428247895
2020-06-06,2.7318515215159644
2020-06-07,2.728728704361056
2020-06-08,2.765618787935007
2020-06-09,2.7697760736160553
2020-06-10,2.7915269549965878
2020-06-11,2.55488644502121
2020-06-12,2.635646872228799
2020-06-13,2.65428132420029
2020-06-14,2.6035169986497455
2020-06-15,2.5924786226652277
2020-06-16,2.5797801194203602
2020-06-17,2.6175925749204714
2020-06-18,2.5797880924379752
2020-06-19,2.5533543971049895
2020-06-20,2.5739446686661966
2020-06-21,2.5685989822933397
2020-06-22,2.6499302624834904
2020-06-23,2.6699776244101825
2020-06-24,2.5922554677140117
2020-06-25,2.611159004172171
2020-06-26,2.572473790644579
2020-06-27,2.4516952239084606
2020-06-28,2.494624075258767
2020-06-29,2.536627305960506
2020-06-30,2.5581258140316345
2020-07-01,2.6260817850846654
2020-07-02,2.640880597238288
2020-07-03,2.7131568654709066
2020-07-04,2.7454846667108166
2020-07-05,2.7165026971845165
2020-07-06,2.898094690563666
2020-07-07,2.974827814178468
2020-07-08,3.293978159850524
2020-07-09,3.2508992656888065
2020-07-10,3.150605904090991
2020-07-11,3.1876174466093157
2020-07-12,3.2395761268867367
2020-07-13,3.146903426805002
2020-07-14,3.1903659894332184
2020-07-15,3.173543138738983
2020-07-16,3.111596115646753
2020-07-17,3.1194752876758343
2020-07-18,3.1305594179023593
2020-07-19,3.1615291526974736
2020-07-20,3.077056870661518
2020-07-21,3.1456010727927373
2020-07-22,3.22362645887742
2020-07-23,3.272991652815958
2020-07-24,3.224958631193103
2020-07-25,3.4044961059221017
2020-07-26,3.448837526459205
2020-07-27,3.4961819750056704
2020-07-28,3.572598202775327
2020-07-29,3.554508513520903
2020-07-30,3.610511173173876
2020-07-31,3.688105637621879
2020-08-01,3.9785653702657973
2020-08-02,3.7827114164459585
2020-08-03,3.9132904381842577
2020-08-04,3.9614185398906607
2020-08-05,4.0148389071109145
2020-08-06,4.06362237917649
2020-08-07,3.968220336521611
2020-08-08,4.086352342453486
2020-08-09,4.0957205709664
2020-08-10,4.150062264260977
2020-08-11,3.9358097738704103
2020-08-12,4.075976210988988
2020-08-13,4.23419924430273
2020-08-14,4.254895092601821
2020-08-15,4.327539800905039
2020-08-16,4.429804941613981
2020-08-17,4.477483364274817
2020-08-18,4.370373877702984
2020-08-19,4.232689981344689
2020-08-20,4.329404350129448
2020-08-21,4.07560993158943
2020-08-22,4.19553227717771
2020-08-23,4.174942662666328
2020-08-24,4.271611615492151
2020-08-25,4.054616704514243
2020-08-26,4.097154100968692
2020-08-27,4.008021861518514
2020-08-28,4.140642581736309
2020-08-29,4.204684526722191
2020-08-30,4.3248056210084656
2020-08-31,4.31466045413028
2020-09-01,4.520379198147085
2020-09-02,4.278944236217265
2020-09-03,3.819860210040617
2020-09-04,3.864133970790395
2020-09-05,3.5393174299205286
2020-09-06,3.7300621364175894
2020-09-07,3.7377722965689104
2020-09-08,3.7055837960455107
2020-09-09,3.7665545439156083
2020-09-10,3.813600188475918
2020-09-11,3.847702881523735
2020-09-12,3.9001134243066082
2020-09-13,3.8150776422512975
2020-09-14,3.8755269176383793
2020-09-15,3.7481979863659483
2020-09-16,3.72935970476299
2020-09-17,3.810674001941757
2020-09-18,3.7802065630557724
2020-09-19,3.777825708814895
2020-09-20,3.666983190299125
2020-09-21,3.3987570652806345
2020-09-22,3.460394130015375
2020-09-23,3.2971996955455514
2020-09-24,3.52452310511942
2020-09-25,3.6436996549596468
2020-09-26,3.6799707586509736
2020-09-27,3.691296420338702
2020-09-28,3.7124495174421903
2020-09-29,3.820952394713192
2020-09-30,3.8425329261773267
2020-10-01,3.7555815368719565
2020-10-02,3.674228046024546
2020-10-03,3.7016443795654164
2020-10-04,3.782178860776861
2020-10-05,3.8023997111679133
2020-10-06,3.6879623527448238
2020-10-07,3.7090021664507486
2020-10-08,3.773394253623878
2020-10-09,3.91442350105378
2020-10-10,4.010848874420339
2020-10-11,4.0879362832162816
2020-10-12,4.186098675970688
2020-10-13,4.20084377941698
2020-10-14,4.15227023354414
2020-10-15,4.438433602116213
2020-10-16,4.267854704450284
2020-10-17,4.2723184730957025
2020-10-18,4.23627338768398
2020-10-19,4.291696108002117
2020-10-20,4.146509476700196
2020-10-21,4.301465948623102
2020-10-22,4.401357239316739
2020-10-23,4.390531185754775
2020-10-24,4.473532503916904
2020-10-25,4.600174448942957
2020-10-26,4.5070554176811495
2020-10-27,4.58141007113604
2020-10-28,4.420136799458221
2020-10-29,4.368647336975442
2020-10-30,4.2720407454893135
2020-10-31,4.327792883427379
2020-11-01,4.369037275635764
2020-11-02,4.192876818487885
2020-11-03,4.1801840935459085
2020-11-04,4.1918827599001105
2020-11-05,4.376667842059752
2020-11-06,4.6381277728870245
2020-11-07,4.411098453207699
2020-11-08,4.569485602424861
2020-11-09,4.49444049967816
2020-11-10,4.520901898717023
2020-11-11,4.540729561908986
2020-11-12,4.520460912493782
2020-11-13,4.630102523922515
2020-11-14,4.5786177414111515
2020-11-15,4.50532236528799
2020-11-16,4.6826269260040325
2020-11-17,4.919675196238631
2020-11-18,4.894304554314201
2020-11-19,4.900685539646141
2020-11-20,5.1075883082622635
2020-11-21,5.704327167349071
2020-11-22,5.556971574356602
2020-11-23,6.106156773427582
2020-11-24,6.717508594289611
2020-11-25,6.361153795290635
2020-11-26,5.668758380706084
2020-11-27,5.789345874290954
2020-11-28,6.053532743130143
2020-11-29,6.165700522688497
2020-11-30,6.504733532202719
2020-12-01,6.152551766459733
2020-12-02,6.275136223866511
2020-12-03,6.378789755708197
2020-12-04,5.902008557826507
2020-12-05,6.138018829099306
2020-12-06,6.193003768275313
2020-12-07,6.139232389750682
2020-12-08,5.755092245987444
2020-12-09,5.934856156701003
2020-12-10,5.788679151209949
2020-12-11,5.685631909816853
2020-12-12,5.842454055639637
2020-12-13,6.068987912832847
2020-12-14,6.048611459657186
2020-12-15,5.983365874380994
2020-12-16,6.479942584160118
2020-12-17,6.586533104283712
2020-12-18,6.668854539432301
2020-12-19,6.775957555241045
2020-12-20,6.767302673735933
2020-12-21,6.410819973194215
2020-12-22,6.448436388823791
2020-12-23,5.55214180678961
2020-12-24,6.191965243319948
2020-12-25,6.311382116975176
2020-12-26,6.285374000592072
2020-12-27,6.292413487125595
2020-12-28,6.461114951437928
2020-12-29,6.333259082191956
2020-12-30,6.299979867000305
2020-12-31,6.319563319873178
2021-01-01,6.401218035950112
2021-01-02,6.947539997738831
2021-01-03,7.46569529092538
2021-01-04,7.716644103945349
2021-01-05,8.032425590928883
2021-01-06,9.145014292789263
2021-01-07,9.211316600266827
2021-01-08,9.133321012766087
2021-01-09,9.624105030445124
2021-01-10,9.626134967113275
2021-01-11,8.534089304485606
2021-01-12,8.359634275821113
2021-01-13,9.028341182100121
2021-01-14,9.25058132397452
2021-01-15,9.100780007319596
2021-01-16,9.336222215088599
2021-01-17,9.575560020364877
2021-01-18,9.639633788999504
2021-01-19,9.591202821938047
2021-01-20,9.571183877822858
2021-01-21,8.391636376321276
2021-01-22,8.963108490125654
2021-01-23,9.072883505246576
2021-01-24,9.277853092395366
2021-01-25,9.06853524546527
2021-01-26,9.038899239256192
2021-01-27,8.415660206283084
2021-01-28,11.378231610175455
2021-01-29,11.988165909014592
2021-01-30,12.265939583684656
2021-01-31,12.394815910101201
2021-02-01,12.653222441543031
2021-02-02,13.017135687411152
2021-02-03,13.736286125066185
2021-02-04,14.080927893140881
2021-02-05,15.135282491116516
2021-02-06,15.658574758792133
2021-02-07,15.902329458580377
2021-02-08,17.25115483936389
2021-02-09,19.08334251269287
2021-02-10,20.01601259635917
2021-02-11,21.005799685609183
2021-02-12,22.20662552919135
2021-02-13,23.671069838962577
2021-02-14,23.170019307864276
2021-02-15,22.05839943822855
2021-02-16,21.846277100820203
2021-02-17,23.22293119330254
2021-02-18,23.970134226367822
2021-02-19,26.09751366919974
2021-02-20,25.286553709968953
2021-02-21,25.94254285023562
2021-02-22,24.233550177037447
2021-02-23,20.932809532745477
2021-02-24,22.07248416295108
2021-02-25,20.69320024943659
2021-02-26,20.83760552125058
2021-02-27,21.53538887880046
2021-02-28,20.685757345766987
2021-03-01,22.302479241814204
2021-03-02,21.848455632772534
2021-03-03,22.58652588343581
2021-03-04,22.098490544720697
2021-03-05,21.878581941437655
2021-03-06,22.07426921838392
2021-03-07,22.690444417663663
2021-03-08,23.558798051652765
2021-03-09,24.480001364936513
2021-03-10,23.76601267807469
2021-03-11,23.879201719895207
2021-03-12,23.438964842302873
2021-03-13,25.179341112924643
2021-03-14,24.400494611380633
2021-03-15,23.582902308907702
2021-03-16,24.719688127151695
2021-03-17,26.35542667612575
2021-03-18,25.45992560234704
2021-03-19,25.997041977834442
2021-03-20,26.273020990694018
2021-03-21,25.934669079516915
2021-03-22,24.923455039771127
2021-03-23,25.091962552914687
2021-03-24,23.908430786704802
2021-03-25,23.948706954426655
2021-03-26,26.31815555102308
2021-03-27,26.459099811146103
2021-03-28,26.471891410924066
2021-03-29,27.28391767944198
2021-03-30,28.219582303470446
2021-03-31,30.01868716404275
2021-04-01,30.911208130410316
2021-04-02,31.71184744102389
2021-04-03,30.691486741735805
2021-04-04,32.52813918705928
2021-04-05,35.0928949450305
2021-04-06,36.541604542962496
2021-04-07,33.88999340776127
2021-04-08,35.88593727917995
2021-04-09,35.81050680903491
2021-04-10,38.74562504970216
2021-04-11,40.37604622267084
2021-04-12,40.524906773941915
2021-04-13,44.18206766532369
2021-04-14,46.23218535267781
2021-04-15,50.24440456775428
2021-04-16,54.65873170075483
2021-04-17,53.316035858082174
2021-04-18,49.93484698084151
2021-04-19,49.216158366880954
2021-04-20,50.82828054166334
2021-04-21,48.49224114097054
2021-04-22,45.864230648506094
2021-04-23,45.38121792295896
2021-04-24,43.434833477204066
2021-04-25,42.90328659482525
2021-04-26,48.66735993960409
2021-04-27,50.37156519516145
2021-04-28,51.10092124653754
2021-04-29,50.826454528037765
2021-04-30,54.19639720333695
2021-05-01,56.73155618138078
2021-05-02,55.67927330378765
2021-05-03,59.08420403184662
2021-05-04,58.73099401341417
2021-05-05,67.59470662240824
2021-05-06,69.89901613396357
2021-05-07,70.41279546477827
2021-05-08,70.88214814261394
2021-05-09,71.61877462787466
2021-05-10,66.30724045724234
2021-05-11,70.43621220020162
2021-05-12,59.356219157613765
2021-05-13,63.00070200671414
2021-05-14,66.76289260182844
2021-05-15,63.480826096167476
2021-05-16,63.64619338824559
2021-05-17,59.15606350139111
2021-05-18,60.301108371450724
2021-05-19,41.449122906840365
2021-05-20,49.220301356396554
2021-05-21,42.593269909604366
2021-05-22,39.87889169714675
2021-05-23,35.78993284648579
2021-05-24,43.97794652595538
2021-05-25,43.87140747191251
2021-05-26,47.240318066282434
2021-05-27,44.698598114984776
2021-05-28,41.49111582640062
2021-05-29,39.117840291279336
2021-05-30,41.05749106465979
2021-05-31,44.85855282634597
2021-06-01,44.58336155472429
2021-06-02,46.30958989280158
2021-06-03,48.702990048094435
2021-06-04,45.37391589459177
2021-06-05,44.00285540851448
2021-06-06,44.66033946659096
2021-06-07,40.967415094121456
2021-06-08,40.74474236002744
2021-06-09,43.00294906128423
2021-06-10,40.662394459543435
2021-06-11,39.20358693331162
2021-06-12,38.95503997665052
2021-06-13,41.35667811210999
2021-06-14,41.99293789544025
2021-06-15,42.63753468601994
2021-06-16,39.61321436176349
2021-06-17,40.09680445792524
2021-06-18,37.863629313659246
2021-06-19,37.21130442553677
2021-06-20,37.52620270845141
2021-06-21,29.537245987012
2021-06-22,29.028383482957132
2021-06-23,32.10015111479796
2021-06-24,34.01259334069469
2021-06-25,31.01797791322002
2021-06-26,31.412322474880327
2021-06-27,33.202466227969225
2021-06-28,33.509386120973275
2021-06-29,35.860133147414736
2021-06-30,35.944615016055884
2021-07-01,33.988912422465255
2021-07-02,34.25428977642194
2021-07-03,34.99822874590603
2021-07-04,35.719233400024116
2021-07-05,34.153308785631836
2021-07-06,35.12856090280784
2021-07-07,34.5931689753032
2021-07-08,32.75547000035659
2021-07-09,33.46426620471906
2021-07-10,33.01802171178325
2021-07-11,33.38568710082982
2021-07-12,32.41666963193534
2021-07-13,31.4965101971711
2021-07-14,31.58927609688803
2021-07-15,30.43409960775815
2021-07-16,29.52446317980334
2021-07-17,29.70873257171958
2021-07-18,29.842080815931023
2021-07-19,28.330602931973164
2021-07-20,27.16193403215693
2021-07-21,29.694147998511156
2021-07-22,30.51476413464693
2021-07-23,31.42106011520671
2021-07-24,32.129161793196964
2021-07-25,32.17737736767121
2021-07-26,32.96527670088322
2021-07-27,33.9006920493371
2021-07-28,34.45671365612288
2021-07-29,34.88593458657761
2021-07-30,36.1611918242219
2021-07-31,36.46971537412516
2021-08-01,35.94906468348903
2021-08-02,36.22321728497341
2021-08-03,35.60349507885439
2021-08-04,37.04534203577222
2021-08-05,37.606663826861116
2021-08-06,38.62658350745205
2021-08-07,41.73855841003078
2021-08-08,39.6853176565358
2021-08-09,41.755903478987
2021-08-10,42.43328234572892
2021-08-11,44.95902448449406
2021-08-12,43.848503411611475
2021-08-13,47.99811851748723
2021-08-14,49.130828190380555
2021-08-15,50.45953363776251
2021-08-16,48.77176471394037
2021-08-17,45.85494428926168
2021-08-18,46.17766834665308
2021-08-19,49.02264740618815
2021-08-20,51.09033378819651
2021-08-21,50.39227836647214
2021-08-22,51.270753376656515
2021-08-23,52.80389132274073
2021-08-24,49.26988849084656
2021-08-25,50.49854819252136
2021-08-26,47.436983817386064
2021-08-27,50.78721498326626
2021-08-28,49.89663176124409
2021-08-29,49.549831172138525
2021-08-30,47.92412662992641
2021-08-31,49.66622319159539
2021-09-01,52.68689303074887
2021-09-02,53.08233090355477
2021-09-03,54.54982354364508
2021-09-04,55.07603740676455
2021-09-05,58.46107180261812
2021-09-06,58.39505764773265
2021-09-07,48.412578712077064
2021-09-08,48.59551660131623
2021-09-09,48.832352663519494
2021-09-10,46.60760342001409
2021-09-11,47.67939583654081
2021-09-12,49.62660412663732
2021-09-13,47.42163323522923
2021-09-14,49.5531855442517
2021-09-15,51.11413552848264
2021-09-16,49.95064596655561
2021-09-17,48.35375156017547
2021-09-18,48.905043011716224
2021-09-19,47.57862155803797
2021-09-20,42.18390483833605
2021-09-21,39.97891808012194
2021-09-22,44.47954394437253
2021-09-23,45.18401717686282
2021-09-24,41.98682394357816
2021-09-25,41.83180563163812
2021-09-26,41.37704852997163
2021-09-27,40.446354801939414
2021-09-28,39.16262949702156
2021-09-29,40.39925575197016
2021-09-30,42.153667154819516
2021-10-01,46.003116868480895
2021-10-02,46.30013609968643
2021-10-03,46.68378366639096
2021-10-04,46.539178140774396
2021-10-05,48.11970146017581
2021-10-06,49.114739722533166
2021-10-07,48.65394659252609
2021-10-08,48.648767201303926
2021-10-09,49.81113559437858
2021-10-10,47.66578173127962
2021-10-11,48.50427362531199
2021-10-12,47.65712300364251
2021-10-13,49.05838508171375
2021-10-14,49.48608219470236
2021-10-15,50.118752229530976
2021-10-16,50.1802001598348
2021-10-17,49.47403465377069
2021-10-18,49.352021030106656
2021-10-19,49.74486432633103
2021-10-20,52.01102444754133
2021-10-21,50.549918162750416
2021-10-22,50.45190351396472
2021-10-23,51.57104800841371
2021-10-24,51.353660424649746
2021-10-25,52.30072704267328
2021-10-26,51.572017245017044
2021-10-27,47.02838483875385
2021-10-28,50.479233499481786
2021-10-29,51.790488781603415
2021-10-30,50.986383012637205
2021-10-31,51.92085754281725
2021-11-01,52.03149857421692
2021-11-02,53.47075798699292
2021-11-03,53.89750335937664
2021-11-04,52.61126596409076
2021-11-05,52.78895549698369
2021-11-06,52.7747575577113
2021-11-07,53.880303583455806
2021-11-08,56.662858196243086
2021-11-09,58.38477130403047
2021-11-10,55.760598208199134
2021-11-11,56.29360416100116
2021-11-12,55.28805476672438
2021-11-13,56.03606984091976
2021-11-14,56.529709843968796
2021-11-15,55.41722043433633
2021-11-16,50.88841328271204
2021-11-17,51.0017083863867
2021-11-18,47.418915370405664
2021-11-19,50.04824723125632
2021-11-20,50.88389206158793
2021-11-21,50.125302630353396
2021-11-22,47.957358024691956
2021-11-23,49.02664898864928
2021-11-24,47.93579904557212
2021-11-25,48.084883489221404
2021-11-26,45.40078270047943
2021-11-27,46.286277847499186
2021-11-28,47.25754389201127
2021-11-29,47.90354584376225
2021-11-30,48.047481974410005
2021-12-01,47.75453774205684
2021-12-02,47.87134040998869
2021-12-03,45.18042586171487
2021-12-04,40.881804196084495
2021-12-05,39.76244652380439
2021-12-06,40.93757795882102
2021-12-07,41.04557157174156
2021-12-08,42.44868558853658
2021-12-09,39.41135232790057
2021-12-10,38.258671655205504
2021-12-11,40.126836858124825
2021-12-12,40.29246892700767
2021-12-13,36.843565555509514
2021-12-14,37.331551604188085
2021-12-15,39.26333751704804
2021-12-16,38.026278720711055
2021-12-17,37.07873686276731
2021-12-18,37.835253143543675
2021-12-19,37.676612654856825
2021-12-20,37.680557431409845
2021-12-21,38.72977251846684
2021-12-22,39.04159591478683
2021-12-23,41.45142889895879
2021-12-24,40.48941664804375
2021-12-25,41.16239665513744
2021-12-26,41.36773383728851
2021-12-27,41.76020546122848
2021-12-28,38.89197431462017
2021-12-29,37.781198194211036
2021-12-30,38.564758957435004
2021-12-31,38.030653349987546
2022-01-01,39.39454517456433
2022-01-02,39.81047979681669
2022-01-03,39.21239780960344
2022-01-04,38.84258202765214
2022-01-05,36.87156258705946
2022-01-06,36.76384778457981
2022-01-07,35.363963227956546
2022-01-08,34.427226762419686
2022-01-09,35.03508658057353
2022-01-10,33.920457019841685
2022-01-11,35.22567725938291
2022-01-12,37.022199234714726
2022-01-13,36.21552755134917
2022-01-14,37.3908381804947
2022-01-15,37.41562810273543
2022-01-16,37.70028820052898
2022-01-17,37.173503373490284
2022-01-18,36.3191704655382
2022-01-19,35.27694520133921
2022-01-20,33.57079361053665
2022-01-21,29.612802687459478
2022-01-22,27.49464829853993
2022-01-23,28.70408281445614
2022-01-24,27.691984047008372
2022-01-25,27.768639170670447
2022-01-26,28.013554063689195
2022-01-27,27.793834503228506
2022-01-28,28.42539416282682
2022-01-29,28.889960651651947
2022-01-30,28.55430276649706
2022-01-31,29.003697464642972
2022-02-01,29.467529544240445
2022-02-02,28.273921995771374
2022-02-03,28.698025761643528
2022-02-04,31.16358248241212
2022-02-05,31.503006435746975
2022-02-06,32.2993333682096
2022-02-07,34.53190448494719
2022-02-08,34.18087572496428
2022-02-09,34.784812328831755
2022-02-10,33.68293880124583
2022-02-11,31.63487541600254
2022-02-12,31.736050950949682
2022-02-13,31.67959195675504
2022-02-14,31.65040239160786
2022-02-15,33.50628944539894
2022-02-16,33.088834052671196
2022-02-17,30.424701133343675
2022-02-18,30.248734039314044
2022-02-19,30.45777503205846
2022-02-20,29.056354525684508
2022-02-21,27.247536134564545
2022-02-22,28.25312790971001
2022-02-23,27.579510916270568
2022-02-24,27.420150499669433
2022-02-25,28.652416607684312
2022-02-26,28.781207793896968
2022-02-27,27.745789687624434
2022-02-28,30.501530289136763
2022-03-01,30.79746217325142
2022-03-02,30.412936729534323
2022-03-03,29.758968392485876
2022-03-04,27.729466969226777
2022-03-05,28.46262826800846
2022-03-06,27.41756675244747
2022-03-07,26.94168717284755
2022-03-08,27.90989752136216
2022-03-09,29.173402761345187
2022-03-10,27.814969112379522
2022-03-11,27.788347498757748
2022-03-12,28.002114997039804
2022-03-13,27.2074317165142
2022-03-14,27.974814858551113
2022-03-15,27.924616369668684
2022-03-16,29.0973700608709
2022-03-17,29.04451251005921
2022-03-18,29.72640045226774
2022-03-19,30.77621924980348
2022-03-20,30.452584176811627
2022-03-21,30.915203462984103
2022-03-22,32.17448944552762
2022-03-23,33.023637133227865
2022-03-24,33.93866461066822
2022-03-25,33.306278500775
2022-03-26,33.910142653616695
2022-03-27,35.855412711462726
2022-03-28,35.89666172345378
2022-03-29,36.59136281211306
2022-03-30,36.775194548721
2022-03-31,35.45107540222652
2022-04-01,36.30253020182822
2022-04-02,35.752096494292736
2022-04-03,36.763758006505135
2022-04-04,36.518695385694286
2022-04-05,36.21816634693139
2022-04-06,32.93976040109081
2022-04-07,34.175699590998924
2022-04-08,32.81070100624382
2022-04-09,33.6457313612123
2022-04-10,33.19633036790302
2022-04-11,30.46392145528484
2022-04-12,31.405600698293647
2022-04-13,32.043565318073135
2022-04-14,31.298529914539237
2022-04-15,32.19080574944639
2022-04-16,32.60558870121251
2022-04-17,31.55627617746009
2022-04-18,32.34923864395961
2022-04-19,32.769427148504484
2022-04-20,32.356341069348005
2022-04-21,31.966191792083258
2022-04-22,31.650487250920985
2022-04-23,31.27550641299986
2022-04-24,30.8442431188053
2022-04-25,31.523110890112015
2022-04-26,29.166004180204954
2022-04-27,29.75580338238
2022-04-28,29.960179479529188
2022-04-29,28.848467657929675
2022-04-30,27.20295632043034
2022-05-01,28.366401456358826
2022-05-02,28.031816895419393
2022-05-03,27.9107374880293
2022-05-04,30.414650490692626
2022-05-05,27.807763639077564
2022-05-06,28.090626887575407
2022-05-07,27.212037118517323
2022-05-08,26.842523723625323
2022-05-09,22.851738179656095
2022-05-10,23.5278730209365
2022-05-11,19.804129510920717
2022-05-12,18.998882690343038
2022-05-13,20.363611687902342
2022-05-14,20.822071280874475
2022-05-15,21.92839348005641
2022-05-16,20.625406626225733
2022-05-17,21.49059532125849
2022-05-18,19.68328359934898
2022-05-19,20.747870191604317
2022-05-20,20.220576453488675
2022-05-21,20.589203722429055
2022-05-22,21.314047779382435
2022-05-23,20.677716932641726
2022-05-24,21.334871167508986
2022-05-25,21.216216568398735
2022-05-26,20.068222236534485
2022-05-27,19.521569810443854
2022-05-28,19.83911443979285
2022-05-29,20.312015199482584
2022-05-30,22.031056915176677
2022-05-31,22.089169104401304
2022-06-01,20.68466348382635
2022-06-02,21.23579466398718
2022-06-03,20.585588486279065
2022-06-04,20.76721708603297
2022-06-05,20.787656377961376
2022-06-06,21.29785015346776
2022-06-07,21.17832935008344
2022-06-08,20.963868019009755
2022-06-09,20.99738898272109
2022-06-10,19.795311088349187
2022-06-11,18.454202987655254
2022-06-12,17.346095414454023
2022-06-13,15.198953035588724
2022-06-14,15.444105565667384
2022-06-15,16.50321569841402
2022-06-16,14.737692389183268
2022-06-17,15.171576139369016
2022-06-18,14.361929807283344
2022-06-19,15.673300487052805
2022-06-20,15.818956019106622
2022-06-21,16.109658537387954
2022-06-22,15.461731596341066
2022-06-23,16.30852386453476
2022-06-24,17.04736770306334
2022-06-25,17.158891685262553
2022-06-26,16.808576840463274
2022-06-27,16.632093645941932
2022-06-28,15.941152733878454
2022-06-29,15.761656467752728
2022-06-30,15.584284134328085
2022-07-01,15.298112379217168
2022-07-02,15.39053687722298
2022-07-03,15.475269793709817
2022-07-04,16.087514898100878
2022-07-05,15.814496325649559
2022-07-06,16.086481234698052
2022-07-07,16.66881117031273
2022-07-08,16.448969883837435
2022-07-09,16.643765017666738
2022-07-10,16.031471599731372
2022-07-11,15.24503251004683
2022-07-12,14.88186105883104
2022-07-13,15.47768215580373
2022-07-14,15.892380765688733
2022-07-15,16.056394777391517
2022-07-16,16.780312435818253
2022-07-17,16.75072121991382
2022-07-18,18.42090017782807
2022-07-19,18.674002916322767
2022-07-20,18.099674135442854
2022-07-21,18.480444969188866
2022-07-22,18.038759536478956
2022-07-23,18.169133305172892
2022-07-24,18.40669776984065
2022-07-25,17.1198694060646
2022-07-26,17.26922586506421
2022-07-27,18.952107966519375
2022-07-28,19.93632948572665
2022-07-29,20.104868040816434
2022-07-30,20.563471435302997
2022-07-31,20.588687294242348
2022-08-01,20.38717886412225
2022-08-02,19.948586428122823
2022-08-03,19.941109667734043
2022-08-04,20.076195550541424
2022-08-05,20.868498186245372
2022-08-06,20.917860502953282
2022-08-07,21.10043401949151
2022-08-08,21.532657660957362
2022-08-09,20.789992036150483
2022-08-10,21.632949980987974
2022-08-11,21.68568588372602
2022-08-12,22.16576760547513
2022-08-13,22.135207795291606
2022-08-14,22.10173575691546
2022-08-15,21.800283047859597
2022-08-16,21.93985102412779
2022-08-17,21.413101038782155
2022-08-18,20.73028608604995
2022-08-19,18.610406216378653
2022-08-20,18.732215265779804
2022-08-21,19.187793887125665
2022-08-22,19.13551730059673
2022-08-23,19.30824044434748
2022-08-24,19.135277462017868
2022-08-25,19.433221106836182
2022-08-26,17.958769878604887
2022-08-27,18.069738137155667
2022-08-28,17.586775661137708
2022-08-29,18.459057107481136
2022-08-30,18.014986716619234
2022-08-31,18.0828135591427
2022-09-01,18.42267014399414
2022-09-02,18.425968296074394
2022-09-03,18.650513667513543
2022-09-04,18.845633380351668
2022-09-05,19.143652781561773
2022-09-06,17.870321609607707
2022-09-07,18.64334674833161
2022-09-08,18.78003975811747
2022-09-09,19.910271335486765
2022-09-10,20.15360118014078
2022-09-11,20.05129093620924
2022-09-12,20.033383920511664
2022-09-13,18.612391913612356
2022-09-14,19.04575001244126
2022-09-15,18.27906914068941
2022-09-16,18.53913629878118
2022-09-17,19.054907372004894
2022-09-18,17.70587285235205
2022-09-19,18.05253641983478
2022-09-20,17.86478770422345
2022-09-21,17.38473137738358
2022-09-22,18.473291715837668
2022-09-23,18.780422966922604
2022-09-24,18.533372189497133
2022-09-25,18.455274889343602
2022-09-26,18.498429570861514
2022-09-27,18.330911211916803
2022-09-28,18.38512597083553
2022-09-29,18.673058538572377
2022-09-30,18.527248332790336
2022-10-01,18.35401520766354
2022-10-02,17.954813205540667
2022-10-03,18.362809197715848
2022-10-04,18.957094858874
2022-10-05,18.894236618660738
2022-10-06,18.76766867902831
2022-10-07,18.694068372091152
2022-10-08,18.569114734599886
2022-10-09,18.746115313247213
2022-10-10,18.044830849914593
2022-10-11,17.775704446077405
2022-10-12,17.793473443096918
2022-10-13,17.585338432556508
2022-10-14,17.54330520145808
2022-10-15,17.39620488434219
2022-10-16,17.63234720254412
2022-10-17,17.873966794795834
2022-10-18,17.635036532016287
2022-10-19,17.25339279403059
2022-10-20,17.102530695369325
2022-10-21,17.25950611932404
2022-10-22,17.426115442199688
2022-10-23,17.762488936633517
2022-10-24,17.442764273118872
2022-10-25,18.287886910164083
2022-10-26,18.87423336825851
2022-10-27,18.5942899651558
2022-10-28,19.097505814638403
2022-10-29,20.211590969909903
2022-10-30,19.849049443046038
2022-10-31,20.054184928306523
2022-11-01,20.124763919499507
2022-11-02,19.648342550610938
2022-11-03,20.04547053079263
2022-11-04,21.48521428708885
2022-11-05,21.456920855655323
2022-11-06,20.585709376457853
2022-11-07,20.61849890856256
2022-11-08,18.179810867222233
2022-11-09,15.409982376714714
2022-11-10,17.804916564650796
2022-11-11,17.292986811980136
2022-11-12,16.75404188454871
2022-11-13,16.241406805298606
2022-11-14,16.540672723136083
2022-11-15,16.761000504970063
2022-11-16,16.480059779496806
2022-11-17,16.52934503087892
2022-11-18,16.578748088510256
2022-11-19,16.679626046960156
2022-11-20,15.86047277968259
2022-11-21,15.649021894491328
2022-11-22,16.341813505145076
2022-11-23,17.111542431260524
2022-11-24,17.27129914178677
2022-11-25,17.274973640104065
2022-11-26,17.37021782873403
2022-11-27,17.43866099270739
2022-11-28,17.157017414476925
2022-11-29,17.517645203075116
2022-11-30,18.126098010676053
2022-12-01,17.813559422157617
2022-12-02,17.9892255953878
2022-12-03,17.597921505040304
2022-12-04,17.846552444316437
2022-12-05,17.75409651493225
2022-12-06,17.750853654742073
2022-12-07,17.269144195299095
2022-12-08,17.659350492191038
2022-12-09,17.510459757003243
2022-12-10,17.508584715924567
2022-12-11,17.29642559897672
2022-12-12,17.206212052467862
2022-12-13,17.498012387268655
2022-12-14,17.245546268138185
2022-12-15,16.805929547037866
2022-12-16,15.17029941402411
2022-12-17,15.496284234973853
2022-12-18,15.409401335916757
2022-12-19,14.843874376779107
2022-12-20,15.4085541249535
2022-12-21,15.33242689267038
2022-12-22,15.443530737068091
2022-12-23,15.389572342182023
2022-12-24,15.371517764569134
2022-12-25,15.390961713711528
2022-12-26,15.58486246178134
2022-12-27,15.419756864553072
2022-12-28,15.032003316760747
2022-12-29,15.033583802056844
2022-12-30,14.988847927746832
2022-12-31,15.078762619007202
2023-01-01,15.197666611213913
2023-01-02,15.43617773386015
2023-01-03,15.358687056578798
2023-01-04,16.005225950900037
2023-01-05,15.78766699675798
2023-01-06,16.12806345841916
2023-01-07,16.114114389832693
2023-01-08,16.497596772534475
2023-01-09,16.97572105147159
2023-01-10,17.119910815403898
2023-01-11,17.556503042757384
2023-01-12,17.86672547511877
2023-01-13,18.486213113709038
2023-01-14,19.37238180358219
2023-01-15,19.216014784522923
2023-01-16,19.038560236870556
2023-01-17,19.07992970252682
2023-01-18,18.181415451181998
2023-01-19,18.62400398016577
2023-01-20,19.785888103134553
2023-01-21,19.641729931471218
2023-01-22,20.00211198506382
2023-01-23,20.290376301254962
2023-01-24,19.409354956463776
2023-01-25,20.04677704018047
2023-01-26,20.010516385817148
2023-01-27,20.262229105868695
2023-01-28,20.158738874639024
2023-01-29,20.781839077769337
2023-01-30,19.805017220849162
2023-01-31,20.277645233916044
2023-02-01,20.81441262200239
2023-02-02,20.601179660952702
2023-02-03,20.938588231940283
2023-02-04,20.91748901461951
2023-02-05,20.40626753067268
2023-02-06,20.032432156721395
2023-02-07,20.83505522088739
2023-02-08,20.548519437493425
2023-02-09,19.150637293096814
2023-02-10,19.163620080406552
2023-02-11,19.52950680394053
2023-02-12,19.251609289136606
2023-02-13,19.0448714544096
2023-02-14,19.573282015780013
2023-02-15,20.889555788276986
2023-02-16,20.028598307862115
2023-02-17,21.420056513409968
2023-02-18,21.554789402360612
2023-02-19,21.534327172964765
2023-02-20,21.86077061904596
2023-02-21,21.34193038077122
2023-02-22,21.25212533569746
2023-02-23,21.0406276007855
2023-02-24,20.206687123446958
2023-02-25,20.11671593611303
2023-02-26,20.484940993245477
2023-02-27,20.316166583368044
2023-02-28,19.990883360532116
2023-03-01,20.59646172631323
2023-03-02,20.232845258250855
2023-03-03,19.436842103894897
2023-03-04,19.163054521334853
2023-03-05,19.244017719942562
2023-03-06,19.212852302656998
2023-03-07,19.069093847632473
2023-03-08,18.567678959931396
2023-03-09,17.539123695516135
2023-03-10,17.37514441145974
2023-03-11,17.413782891643596
2023-03-12,18.68557227209544
2023-03-13,19.570272426280646
2023-03-14,19.92765801428599
2023-03-15,18.81580975790957
2023-03-16,19.26647672819918
2023-03-17,20.46843484042497
2023-03-18,19.887137808016412
2023-03-19,20.43160113237066
2023-03-20,19.700231156858177
2023-03-21,21.039789066423705
2023-03-22,20.17055758651002
2023-03-23,21.127542456055195
2023-03-24,20.512130943342697
2023-03-25,20.42214772074824
2023-03-26,20.7886574367101
2023-03-27,20.224307758337105
2023-03-28,20.767777794219313
2023-03-29,21.387198319825316
2023-03-30,21.188864616263544
2023-03-31,21.719458758237497
2023-04-01,21.76712865772248
2023-04-02,21.44564764943283
2023-04-03,21.713210215631065
2023-04-04,21.907488160512866
2023-04-05,21.962403275617557
2023-04-06,21.571986925395272
2023-04-07,21.596465933801
2023-04-08,21.46974955108693
2023-04-09,21.649070501574666
2023-04-10,22.17130809336925
2023-04-11,22.24346721749887
2023-04-12,22.106712714448392
2023-04-13,22.600862586171473
2023-04-14,23.0203356476329
2023-04-15,23.132705625689624
2023-04-16,23.4141126958191
2023-04-17,22.94226258831072
2023-04-18,23.490491976161938
2023-04-19,21.84655617285702
2023-04-20,21.440226336052774
2023-04-21,20.6480869597332
2023-04-22,21.197432357324953
2023-04-23,20.992501570649427
2023-04-24,20.909001484137406
2023-04-25,21.30248626021929
2023-04-26,20.997495535637228
2023-04-27,21.323783408397702
2023-04-28,21.329151444733437
2023-04-29,21.482044127551127
2023-04-30,21.290109206104788
2023-05-01,20.87478329775798
2023-05-02,21.012504721674357
2023-05-03,21.215036063722707
2023-05-04,21.035306727535993
2023-05-05,21.45575456333478
2023-05-06,20.815074449478633
2023-05-07,20.646735058406318
2023-05-08,19.858351469399615
2023-05-09,19.947978399713975
2023-05-10,20.041037976381396
2023-05-11,19.597480169642026
2023-05-12,19.804747005041868
2023-05-13,19.676299017128212
2023-05-14,19.833951003540236
2023-05-15,19.95926959634822
2023-05-16,20.048656964714226
2023-05-17,20.364867388193424
2023-05-18,20.115670723481177
2023-05-19,20.168198830883732
2023-05-20,20.25302969309594
2023-05-21,20.038054483504943
2023-05-22,20.25028128570248
2023-05-23,20.407346148469557
2023-05-24,19.875286216875047
2023-05-25,19.85612334481994
2023-05-26,20.021292133472272
2023-05-27,20.219648396757083
2023-05-28,20.76485083011202
2023-05-29,20.665565695483355
2023-05-30,20.833570564399928
2023-05-31,20.51403676551782
2023-06-01,20.376252169480093
2023-06-02,20.94352830813629
2023-06-03,20.857102257789506
2023-06-04,20.80749003446494
2023-06-05,19.54004499254239
2023-06-06,20.168994997729826
2023-06-07,19.348875021363458
2023-06-08,19.410839861537653
2023-06-09,19.252242635978092
2023-06-10,17.723981734555547
2023-06-11,17.719831697025054
2023-06-12,17.776826882826875
2023-06-13,17.90425621558726
2023-06-14,17.292949147161266
2023-06-15,17.398850729898165
2023-06-16,17.571690816326115
2023-06-17,17.755515152783023
2023-06-18,17.65892724937049
2023-06-19,17.745528795965065
2023-06-20,18.20565224292523
2023-06-21,18.984831710030548
2023-06-22,18.954703882578446
2023-06-23,19.68799212553235
2023-06-24,19.53882774024695
2023-06-25,19.673065498946574
2023-06-26,19.413515397129753
2023-06-27,19.821817345218122
2023-06-28,19.028279943368293
2023-06-29,19.32935906094168
2023-06-30,20.570667213791957
2023-07-01,20.74365735391525
2023-07-02,20.82126840452821
2023-07-03,21.07022271373366
2023-07-04,20.76718102592306
2023-07-05,20.478177241548927
2023-07-06,19.84402304893681
2023-07-07,20.1231336162196
2023-07-08,20.214552280022698
2023-07-09,19.988596921369993
2023-07-10,20.178331576529686
2023-07-11,20.21337862339625
2023-07-12,20.05802830232608
2023-07-13,23.53828071744429
2023-07-14,22.262006156734813
2023-07-15,22.306626988102746
2023-07-16,22.06050339227582
2023-07-17,22.191318177735887
2023-07-18,22.06560880752949
2023-07-19,22.58740969279908
2023-07-20,23.01943702044489
2023-07-21,22.940427277384597
2023-07-22,22.634429514155293
2023-07-23,22.881378176729818
2023-07-24,22.269671170188904
2023-07-25,22.39507988784004
2023-07-26,22.606602814891016
2023-07-27,22.713635071428268
2023-07-28,22.81154534982823
2023-07-29,22.939347079632245
2023-07-30,22.650328592287295
2023-07-31,22.367148318129793
2023-08-01,22.590976836593335
2023-08-02,21.894837927282758
2023-08-03,21.538650452452387
2023-08-04,21.37587208823561
2023-08-05,21.527298916365023
2023-08-06,21.42886282966541
2023-08-07,21.436005518643206
2023-08-08,21.769019412196
2023-08-09,21.785762467384387
2023-08-10,21.623136381585578
2023-08-11,21.563119256261565
2023-08-12,21.574973132956753
2023-08-13,21.42053550827308
2023-08-14,21.449195890138185
2023-08-15,20.76329064352798
2023-08-16,20.154946437893322
2023-08-17,18.51336937401255
2023-08-18,18.633767711607305
2023-08-19,18.876116451477692
2023-08-20,19.138867606858895
2023-08-21,18.907693749793705
2023-08-22,18.657158136442277
2023-08-23,19.11918769680122
2023-08-24,18.777886790711662
2023-08-25,18.74666065528947
2023-08-26,18.71239831930882
2023-08-27,18.833216769521286
2023-08-28,18.841386140280626
2023-08-29,19.542828942667626
2023-08-30,19.064998138317073
2023-08-31,18.4772302691613
2023-09-01,18.31998430507827
2023-09-02,18.39670135342368
2023-09-03,18.469625889604266
2023-09-04,18.53896007131801
2023-09-05,18.544179298108393
2023-09-06,18.664795936974546
2023-09-07,18.807197027937228
2023-09-08,18.691131270286437
2023-09-09,18.716344977747283
2023-09-10,18.430641589211643
2023-09-11,17.891308692877466
2023-09-12,18.155115166947127
2023-09-13,18.37695427708308
2023-09-14,18.605119808458536
2023-09-15,18.91642949896479
2023-09-16,18.798938046773337
2023-09-17,18.62572656540162
2023-09-18,18.92252495684856
2023-09-19,19.18439740068859
2023-09-20,19.053575623361798
2023-09-21,18.621360626719213
2023-09-22,18.70902213013903
2023-09-23,18.752159853288045
2023-09-24,18.544838279232593
2023-09-25,18.76180864635498
2023-09-26,18.678297920765495
2023-09-27,18.801237125464862
2023-09-28,19.189718351938232
2023-09-29,19.339520494715423
2023-09-30,19.438693494009176
2023-10-01,19.872339021065915
2023-10-02,19.29511922411675
2023-10-03,19.362273707628987
2023-10-04,19.359226169782744
2023-10-05,19.133024709818365
2023-10-06,19.39226798788798
2023-10-07,19.38462273051563
2023-10-08,19.33666958266478
2023-10-09,18.737252420921486
2023-10-10,18.659119887218722
2023-10-11,18.534696730055238
2023-10-12,18.36214191847698
2023-10-13,18.4623286622256
2023-10-14,18.550136115395706
2023-10-15,18.651574726821753
2023-10-16,19.03295443680249
2023-10-17,18.702310069061184
2023-10-18,18.58607032989804
2023-10-19,18.85819583951105
2023-10-20,19.17745075709042
2023-10-21,19.78921753368584
2023-10-22,20.14583621130978
2023-10-23,21.334022596435787
2023-10-24,21.28961672901134
2023-10-25,21.44220017639798
2023-10-26,21.529382748462517
2023-10-27,21.300571480132913
2023-10-28,21.462098514765284
2023-10-29,21.85377190977025
2023-10-30,22.11071787899002
2023-10-31,22.209496229402014
2023-11-01,22.617579281424895
2023-11-02,22.489864590863565
2023-11-03,22.564534334200506
2023-11-04,22.77193999013179
2023-11-05,23.408693954837208
2023-11-06,24.22571993215164
2023-11-07,23.804440513431963
2023-11-08,24.33701658402788
2023-11-09,24.795916016316852
2023-11-10,25.2341673928096
2023-11-11,25.45866488620931
2023-11-12,25.529054673176518
2023-11-13,24.807262531412213
2023-11-14,24.09691903481239
2023-11-15,25.19505948511198
2023-11-16,24.350483075647922
2023-11-17,24.48116114732754
2023-11-18,24.367389894263027
2023-11-19,24.924997660704605
2023-11-20,24.601921737257772
2023-11-21,23.135260490027548
2023-11-22,24.25282973109977
2023-11-23,24.365121399913708
2023-11-24,24.691326990145974
2023-11-25,25.06227464721786
2023-11-26,24.740748551605943
2023-11-27,24.19282990568789
2023-11-28,24.523866633873123
2023-11-29,24.398928249459267
2023-11-30,24.423284848333996
2023-12-01,24.834303240869737
2023-12-02,25.426328245437343
2023-12-03,25.397993500106452
2023-12-04,25.87854886105408
2023-12-05,26.24321802627636
2023-12-06,26.24346532093483
2023-12-07,26.894198760894767
2023-12-08,28.161081717240393
2023-12-09,27.956014035200834
2023-12-10,28.18066678774633
2023-12-11,26.525865103948682
2023-12-12,26.630563953502833
2023-12-13,27.300705673108286
2023-12-14,27.58068039632969
2023-12-15,26.55627143098981
2023-12-16,27.251065481903677
2023-12-17,26.56684460341015
2023-12-18,26.824396899042796
2023-12-19,26.47120860763248
2023-12-20,26.98937365810502
2023-12-21,27.770599741855666
2023-12-22,28.180378598968435
2023-12-23,28.10366077474121
2023-12-24,27.587150096100036
2023-12-25,28.23498863000229
2023-12-26,27.908509824480344
2023-12-27,29.176919085658426
2023-12-28,29.077171455768788
2023-12-29,28.35555651806352
2023-12-30,28.38194463773158
2023-12-31,28.48179098340693
2024-01-01,29.417055573347998
2024-01-02,28.99931337440325
2024-01-03,27.019345108155697
2024-01-04,27.6824134599301
2024-01-05,27.000578857432682
2024-01-06,26.508752399106502
2024-01-07,25.77490357475687
2024-01-08,26.97915079269204
2024-01-09,26.438750500833393
2024-01-10,28.252342554469582
2024-01-11,29.071358562927607
2024-01-12,27.967558890950603
2024-01-13,28.315003612714726
2024-01-14,27.682721521461087
2024-01-15,28.019585950406288
2024-01-16,28.174629151859392
2024-01-17,27.933991258136484
2024-01-18,27.052002456507225
2024-01-19,27.521685492958593
2024-01-20,27.780952319874874
2024-01-21,27.518328805453166
2024-01-22,26.249927454880122
2024-01-23,25.869201292810114
2024-01-24,25.9911807658815
2024-01-25,25.90754741709518
2024-01-26,26.711897801002593
2024-01-27,26.862824693460535
2024-01-28,26.690616779963737
2024-01-29,27.488193027444492
2024-01-30,27.131227775483524
2024-01-31,26.69478829406738
2024-02-01,27.1618524250517
2024-02-02,27.449470043083032
2024-02-03,27.41880446878796
2024-02-04,27.23213550532852
2024-02-05,27.311560936395978
2024-02-06,26.699397897928552
2024-02-07,27.631533183340313
2024-02-08,27.86853000246968
2024-02-09,28.345720579082972
2024-02-10,28.375032498784105
2024-02-11,28.484250882473344
2024-02-12,29.277048288602998
2024-02-13,28.87634775895446
2024-02-14,29.746712438326117
2024-02-15,30.250850056761475
2024-02-16,30.180661468747157
2024-02-17,30.12249934438131
2024-02-18,30.460488223866648
2024-02-19,31.091300666321263
2024-02-20,31.286639685530194
2024-02-21,30.767798139012
2024-02-22,30.867254376878822
2024-02-23,30.637285857216163
2024-02-24,31.162426020080677
2024-02-25,31.49853812289448
2024-02-26,32.274077565979184
2024-02-27,32.91173138235143
2024-02-28,34.11726915715339
2024-02-29,34.391264661071546
2024-03-01,36.087414797744856
2024-03-02,37.898205472488314
2024-03-03,38.25437599230063
2024-03-04,39.7181269775314
2024-03-05,36.71886643860752
2024-03-06,38.71928653347822
2024-03-07,39.44534218191542
2024-03-08,40.11709755429812
2024-03-09,40.35898360878535
2024-03-10,40.17813346629293
2024-03-11,42.59293466178123
2024-03-12,41.403835995204815
2024-03-13,42.21275278456313
2024-03-14,41.35311260503037
2024-03-15,39.69725649623037
2024-03-16,37.05615941614129
2024-03-17,38.15646235650845
2024-03-18,37.6442215940602
2024-03-19,34.070587156928624
2024-03-20,37.18197234795528
2024-03-21,37.366212253072455
2024-03-22,36.30741606005411
2024-03-23,36.90018214682046
2024-03-24,38.22806226053954
2024-03-25,39.088122643186736
2024-03-26,39.320937086119606
2024-03-27,38.77114446265951
2024-03-28,39.63936908551547
2024-03-29,40.49503498451326
2024-03-30,39.60548392817451
2024-03-31,40.63767242244703
2024-04-01,38.92681983443906
2024-04-02,37.1182674841178
2024-04-03,36.90350647193022
2024-04-04,37.819592006696865
2024-04-05,37.331243810185825
2024-04-06,38.081608890847
2024-04-07,38.597469496926074
2024-04-08,39.88623380022023
2024-04-09,38.34829688350051
2024-04-10,38.64871872904332
2024-04-11,38.42919761627013
2024-04-12,34.66223421615548
2024-04-13,31.400547336846746
2024-04-14,32.85292154008518
2024-04-15,32.234326007414346
2024-04-16,32.13304605527513
2024-04-17,31.30888095968467
2024-04-18,32.06937530820841
2024-04-19,32.344567267697876
2024-04-20,33.874889665418856
2024-04-21,33.53871239493751
2024-04-22,34.476257127096574
2024-04-23,34.17926575665978
2024-04-24,33.07084097671808
2024-04-25,33.20235994753966
2024-04-26,33.23067621096071
2024-04-27,33.216883668372894
2024-04-28,33.13222951256631
2024-04-29,33.051064782419054
2024-04-30,31.45772079041858
2024-05-01,31.612914615974265
2024-05-02,31.921680878083908
2024-05-03,33.054751397495906
2024-05-04,33.2929040517231
2024-05-05,33.63931702145383
2024-05-06,33.219456816904675
2024-05-07,32.602463239160215
2024-05-08,32.57736916299361
2024-05-09,33.32701318905837
2024-05-10,32.29285683473036
2024-05-11,32.20407988549756
2024-05-12,32.27535612630503
2024-05-13,32.38466824365285
2024-05-14,31.58774714156197
2024-05-15,33.22310420887141
2024-05-16,33.220793122709274
2024-05-17,34.136811199479276
2024-05-18,34.09055766775553
2024-05-19,33.41980152894078
2024-05-20,36.11768548575083
2024-05-21,36.17088775059439
2024-05-22,35.496976869667904
2024-05-23,35.13052439072027
2024-05-24,35.31827773988724
2024-05-25,35.69713252196501
2024-05-26,35.28346762500341
2024-05-27,35.983337349987586
2024-05-28,35.40646001112981
2024-05-29,35.01080309122136
2024-05-30,34.956017335037544
2024-05-31,34.932653442057735
2024-06-01,35.08870799234
2024-06-02,34.9766528728074
2024-06-03,35.11739563348332
2024-06-04,35.955840284583964
2024-06-05,36.2872412996254
2024-06-06,35.947097949635214
2024-06-07,34.54478893683189
2024-06-08,34.54136281789692
2024-06-09,34.91348864833556
2024-06-10,34.41702689114105
2024-06-11,33.127634152930895
2024-06-12,34.138484713057494
2024-06-13,33.14397560694453
2024-06-14,32.639239193851886
2024-06-15,33.15605702497602
2024-06-16,33.323694675996315
2024-06-17,32.49121421170514
2024-06-18,31.181776891164326
2024-06-19,31.555922642387454
2024-06-20,31.565130639058424
2024-06-21,31.17912974024975
2024-06-22,31.24778334809913
2024-06-23,30.707366409414814
2024-06-24,30.379988035051255
2024-06-25,31.156266789585548
2024-06-26,30.86157419513945
2024-06-27,31.412588061209142
2024-06-28,30.906440178061203
2024-06-29,30.883231724922567
2024-06-30,31.494251303163868
2024-07-01,31.47503648616716
2024-07-02,31.788243190226154
2024-07-03,30.61610640345089
2024-07-04,28.43554179187383
2024-07-05,27.78584096508127
2024-07-06,29.315119618501996
2024-07-07,27.472809241009788
2024-07-08,28.4635337108487
2024-07-09,28.814049480441184
2024-07-10,29.122272873895827
2024-07-11,29.256613106564767
2024-07-12,29.975348663177748
2024-07-13,31.08813915590028
2024-07-14,31.405344256508716
2024-07-15,32.77708785887665
2024-07-16,32.901989458396535
2024-07-17,32.764850668632015
2024-07-18,32.207974808880934
2024-07-19,33.13197304802208
2024-07-20,33.54115760496757
2024-07-21,34.00027515175863
2024-07-22,33.12009869830423
2024-07-23,32.84075348933429
2024-07-24,32.370062054036914
2024-07-25,31.792086463303804
2024-07-26,32.92736597896109
2024-07-27,32.75497492068698
2024-07-28,32.59593187432908
2024-07-29,32.560357860147306
2024-07-30,32.26776174393151
2024-07-31,31.599940879435657
2024-08-01,31.340721470205516
2024-08-02,29.596518210341976
2024-08-03,29.006514072647306
2024-08-04,27.74938298527241
2024-08-05,25.787737487789435
2024-08-06,26.748280526741734
2024-08-07,26.803962034088197
2024-08-08,29.24263130551775
2024-08-09,28.616547143651076
2024-08-10,28.741193983098384
2024-08-11,27.630134813056628
2024-08-12,28.5850511465643
2024-08-13,28.70542180703113
2024-08-14,28.367384133946032
2024-08-15,27.937280131616564
2024-08-16,28.15548938443813
2024-08-17,28.509865803314018
2024-08-18,28.243788032839383
2024-08-19,28.945058432508297
2024-08-20,29.318235063560664
2024-08-21,30.01800409668863
2024-08-22,30.32125640583128
2024-08-23,31.618360879681006
2024-08-24,31.657276097537938
2024-08-25,31.259261890718065
2024-08-26,30.299111019859478
2024-08-27,28.80913636617738
2024-08-28,28.940429689209353
2024-08-29,29.030075681688725
2024-08-30,29.238495077435697
2024-08-31,29.05361561256379
2024-09-01,28.05357972726061
2024-09-02,28.81588655302292
2024-09-03,28.07662097440222
2024-09-04,28.23278538691969
2024-09-05,27.89179461106584
2024-09-06,26.869529402939733
2024-09-07,27.34031056840021
2024-09-08,27.76450561339567
2024-09-09,28.528090153163518
2024-09-10,28.601249269047422
2024-09-11,28.590599084902678
2024-09-12,29.025434554622844
2024-09-13,29.677179952802593
2024-09-14,29.550016447104138
2024-09-15,28.74626420717184
2024-09-16,28.419164246711716
2024-09-17,28.799344886776385
2024-09-18,29.257679253079388
2024-09-19,29.814940937501866
2024-09-20,30.06222074318474
2024-09-21,30.649196966381858
2024-09-22,30.236919660928084
2024-09-23,30.455220870770006
2024-09-24,30.927333092104355
2024-09-25,30.567263446199824
2024-09-26,31.542923286963013
2024-09-27,32.09248138713421
2024-09-28,32.10852856895022
2024-09-29,31.904983947639252
2024-09-30,30.62203554735649
2024-10-01,29.108161980096586
2024-10-02,28.344091672562836
2024-10-03,28.53859210572216
2024-10-04,29.174414030816042
2024-10-05,29.259207634596837
2024-10-06,29.4793225469172
2024-10-07,29.140448409058724
2024-10-08,29.126613655792998
2024-10-09,28.694955007824085
2024-10-10,28.742295408155993
2024-10-11,29.353122045279257
2024-10-12,29.578967505258404
2024-10-13,29.240006725460464
2024-10-14,30.49856746233295
2024-10-15,30.526909982337237
2024-10-16,30.759754609546082
2024-10-17,30.64526580579253
2024-10-18,31.245914333676705
2024-10-19,31.471544525817244
2024-10-20,31.98787696815661
2024-10-21,31.332741012886192
2024-10-22,31.164141663200734
2024-10-23,30.534203819973605
2024-10-24,31.044377439734898
2024-10-25,29.776021462063436
2024-10-26,30.181368520892935
2024-10-27,30.643136211797245
2024-10-28,31.281426587360993
2024-10-29,32.24543453347063
2024-10-30,32.14245088979404
2024-10-31,30.900205958423015
2024-11-01,30.9069070829502
2024-11-02,30.59186641579039
2024-11-03,29.975885468744647
2024-11-04,29.680566964097448
2024-11-05,30.394305824748074
2024-11-06,32.78561735493374
2024-11-07,33.624190454118114
2024-11-08,34.49564049998829
2024-11-09,35.659010702350145
2024-11-10,37.96745733229949
2024-11-11,40.2602453460967
2024-11-12,40.66346547908158
2024-11-13,39.92452250056243
2024-11-14,39.79271863710967
2024-11-15,42.2596355338385
2024-11-16,46.84890336658172
2024-11-17,45.21152966435363
2024-11-18,47.27113636218355
2024-11-19,47.027377083916356
2024-11-20,46.773858048757816
2024-11-21,49.31770184834287
2024-11-22,53.45353964879932
2024-11-23,57.27828406914699
2024-11-24,57.35049937999644
2024-11-25,55.00854577946092
2024-11-26,54.17135996514381
2024-11-27,57.47744143352964
2024-11-28,57.62009147936168
2024-11-29,60.10174740845503
2024-11-30,61.395251335523895
2024-12-01,64.07482280826866
2024-12-02,67.59595802441173
2024-12-03,73.10767858119938
2024-12-04,73.05167835061832
2024-12-05,71.35823364272764
2024-12-06,74.35246864249464
2024-12-07,74.46754128915606
2024-12-08,75.43082138353256
2024-12-09,64.80822676719795
2024-12-10,64.90252998263882
2024-12-11,68.80497740822906
2024-12-12,70.18786252417604
2024-12-13,71.08684589676537
2024-12-14,69.47416557943069
2024-12-15,71.21079494016685
2024-12-16,70.6566776047149
2024-12-17,70.03474578617849
2024-12-18,64.52116763902679
2024-12-19,60.221975182660266
2024-12-20,61.268660899399464
2024-12-21,59.34885760550105
2024-12-22,58.67687157676574
2024-12-23,61.42706116341344
2024-12-24,63.215566294679626
2024-12-25,62.4944015728038
2024-12-26,59.38626908141719
2024-12-27,59.15605948527638
2024-12-28,60.46125406118672
2024-12-29,58.59050329736534
2024-12-30,58.26785290013847
2024-12-31,58.321532038651284
2025-01-01,61.517501117515046
2025-01-02,63.17632901222846
2025-01-03,66.4564243685463
2025-01-04,66.40677858858764
2025-01-05,66.46552379363368
2025-01-06,67.49106250729291
2025-01-07,62.280333978816785
2025-01-08,61.632111474910396
2025-01-09,59.46351742323998
2025-01-10,61.232680282818976
2025-01-11,62.37714998277967
2025-01-12,61.30058210689239
2025-01-13,60.26621610812068
2025-01-14,62.31411588395498
2025-01-15,67.57685777512103
2025-01-16,68.00851581416346
2025-01-17,71.53956441750043
2025-01-18,68.95664693866458
2025-01-19,64.42967447438042
2025-01-20,65.84141590862501
2025-01-21,67.52801192083578
2025-01-22,66.55353300351143
2025-01-23,67.10899088786527
2025-01-24,66.55343000954564
2025-01-25,66.6064711324907
2025-01-26,64.85113879018913
2025-01-27,64.09534918860508
2025-01-28,62.29945962737768
2025-01-29,63.48987699742735
2025-01-30,66.3338052334985
2025-01-31,66.13795018012937
2025-02-01,62.67009128761229
2025-02-02,56.806063319576865
2025-02-03,57.874215815777625
2025-02-04,54.631455743442366
2025-02-05,53.871898015063955
2025-02-06,52.77042721137943
2025-02-07,52.70044619062475
2025-02-08,53.658532529012305
2025-02-09,53.46302238285447
2025-02-10,54.93958716060116
2025-02-11,55.07253882388271
2025-02-12,57.07881441768663
2025-02-13,56.65100679161927
2025-02-14,57.70338422382363
2025-02-15,57.6583063078265
2025-02-16,56.98427864155424
2025-02-17,57.118003141511416
2025-02-18,55.65541348394049
2025-02-19,57.23234272654194
2025-02-20,57.511943692063916
2025-02-21,55.48611857287032
2025-02-22,56.42501527955064
2025-02-23,56.64255439037023
2025-02-24,51.251175469238085
2025-02-25,51.13357274447881
2025-02-26,50.131837797234446
2025-02-27,50.15793353144746
2025-02-28,50.062046267747725
2025-03-01,50.798769159000116
2025-03-02,58.88180639647824
2025-03-03,51.03245277619366
2025-03-04,51.91572139162532
2025-03-05,53.72225243921618
2025-03-06,53.279715330786686
2025-03-07,51.66847290192264
2025-03-08,51.186662570992155
2025-03-09,47.03511698993051
2025-03-10,44.371444764762025
2025-03-11,46.32031869664603
2025-03-12,47.05576983326942
2025-03-13,46.470840724432165
2025-03-14,47.801102111523306
2025-03-15,48.513259837091994
2025-03-16,46.8105846505324
2025-03-17,48.28295804493694
2025-03-18,47.85826858379268
2025-03-19,50.041429686999216
2025-03-20,48.90202362482593
2025-03-21,48.306492572092665
2025-03-22,48.465199924173355
2025-03-23,49.032736699875024
2025-03-24,50.28460260637835
2025-03-25,50.68597579478221
2025-03-26,49.958376646695484
2025-03-27,50.15818688308596
2025-03-28,47.86694155424674
2025-03-29,46.4554095301002
2025-03-30,46.23013957298042
2025-03-31,46.26945156560831
2025-04-01,47.34136942010633
2025-04-02,45.27269423173313
2025-04-03,45.60815397340138
2025-04-04,46.152115256825304
2025-04-05,45.630830299653
2025-04-06,41.026437676021374
2025-04-07,41.379761938006084
2025-04-08,39.856122341791476
2025-04-09,43.800713238557314
2025-04-10,42.190572611232945
2025-04-11,43.53916719393532
2025-04-12,45.088701103292465
2025-04-13,44.1804919224706
2025-04-14,44.37854546359679
2025-04-15,43.450493748650636
2025-04-16,43.43998057076032
2025-04-17,43.68524848961314
2025-04-18,43.92464047759227
2025-04-19,44.65447291704148
2025-04-20,44.643423845795866
2025-04-21,44.848910534347546
2025-04-22,47.838642834947045
2025-04-23,48.32760197883929
2025-04-24,48.73427613945983
2025-04-25,48.86443720225489
2025-04-26,49.24448087318146
2025-04-27,48.59350908920699
2025-04-28,49.43609846557379
2025-04-29,48.97347692750845
2025-04-30,48.62715892118335
2025-05-01,49.61042942250038
2025-05-02,49.80195004236543
2025-05-03,48.91742083168242
2025-05-04,48.07802661318668
2025-05-05,47.81731794367638
2025-05-06,48.65615902537352
2025-05-07,48.40985973441415
2025-05-08,53.600895819591685
2025-05-09,55.29182846652178
2025-05-10,59.05062198928257
2025-05-11,57.340501909247486
2025-05-12,58.05176847706613
2025-05-13,59.399788878504594
2025-05-14,58.01668299046526
2025-05-15,56.122062531648425
2025-05-16,55.886638186072496
2025-05-17,54.81910427521725
2025-05-18,56.51462559872145
2025-05-19,55.81583316951615
2025-05-20,55.80060785311748
2025-05-21,57.63401733925368
2025-05-22,59.28941204646232
2025-05-23,56.15995746713668
2025-05-24,56.47322160124246
2025-05-25,56.87002494284251
2025-05-26,56.65021570634781
2025-05-27,57.032613917725655
2025-05-28,56.19260176481195
2025-05-29,54.944861230135466
2025-05-30,51.98311959501759
2025-05-31,52.23382280101495
2025-06-01,52.82739417578292
2025-06-02,53.52832410733812
2025-06-03,53.33344931918162
2025-06-04,52.344212480065806
2025-06-05,49.999033730942166
2025-06-06,51.309144450101265
2025-06-07,52.32789340024816
2025-06-08,52.264037708298396
2025-06-09,54.36077673398627
2025-06-10,55.69401893000981
2025-06-11,54.54182325216877
2025-06-12,52.20376534424834
2025-06-13,51.32547900992484
2025-06-14,50.724693199157755
2025-06-15,50.99739560903428
2025-06-16,51.49592678564816
2025-06-17,50.29382389155497
2025-06-18,50.319718854950416
2025-06-19,50.19105229838896
2025-06-20,48.81542668357348
2025-06-21,47.41099925145634
2025-06-22,46.21031074376982
2025-06-23,49.47449339448154
2025-06-24,49.929370430293076
2025-06-25,49.42138526372337
2025-06-26,48.7081845498249
2025-06-27,49.00231470477803
2025-06-28,49.59786144163036
2025-06-29,50.65789488684758
2025-06-30,50.23847926883556
2025-07-01,48.54964181963347
2025-07-02,50.95536561671696
2025-07-03,51.49858638148696
2025-07-04,49.9576667445578
2025-07-05,50.14560566255968
2025-07-06,51.13465432970572
2025-07-07,50.73830730764424
2025-07-08,51.61880702741062
2025-07-09,53.8008885002839
2025-07-10,56.45878499451778
2025-07-11,58.09876499283943
2025-07-12,58.19202594040319
2025-07-13,60.0734543372182
2025-07-14,60.447286028864475
2025-07-15,60.71437306928402
2025-07-16,62.4212762665728
2025-07-17,65.3381590572412
2025-07-18,65.97700737149677
2025-07-19,67.31699557949469
2025-07-20,69.25304370065814
2025-07-21,69.59543093575677
2025-07-22,70.23879557344976
2025-07-23,65.82649311380123
2025-07-24,65.5457636179714
2025-07-25,66.27935129097276
2025-07-26,66.57043685777623
2025-07-27,68.18811822395148
2025-07-28,65.35624533006813
2025-07-29,65.34879282723156
2025-07-30,64.44751205379683
2025-07-31,62.73295583551755
2025-08-01,60.74598861694143
2025-08-02,59.197062910736285
2025-08-03,61.46089529361576
2025-08-04,63.96203585000783
2025-08-05,62.03352179639971
2025-08-06,62.710693020157436
2025-08-07,65.78408926021278
2025-08-08,67.07339258050125
2025-08-09,68.43567820218024
2025-08-10,68.36599375324666
2025-08-11,66.81005860864269
2025-08-12,70.147604004794
2025-08-13,71.91151707762194
2025-08-14,68.3993544545062
2025-08-15,67.83024079317076
2025-08-16,68.63232275043823
2025-08-17,70.20348152215297
2025-08-18,68.91738161938285
2025-08-19,65.27085971081192
2025-08-20,68.0470671460342
2025-08-21,66.3619695753429
2025-08-22,72.04126122910036
2025-08-23,70.89093653222473
2025-08-24,70.03067401588373
2025-08-25,65.24402341844456
2025-08-26,67.75211136362037
2025-08-27,66.70245849220406
2025-08-28,67.55394274824903
2025-08-29,65.0391876104773
2025-08-30,65.09543129983402
2025-08-31,64.60760598188381
2025-09-01,64.06707194928539
2025-09-02,65.48116190393559
2025-09-03,66.01552420347387
2025-09-04,64.37760862110989
2025-09-05,65.00890181296593
2025-09-06,64.47354117336901
2025-09-07,65.95846733610502
2025-09-08,66.96373979567784
2025-09-09,66.78068452755889
2025-09-10,68.11872400611486
2025-09-11,69.43000554473333
2025-09-12,71.49125884074962
2025-09-13,72.00613490493416
2025-09-14,70.6181362938091
2025-09-15,69.25969388537116
2025-09-16,70.35508184743763
2025-09-17,71.36538554293439
2025-09-18,71.66890237259972
2025-09-19,69.60622829042113
2025-09-20,70.05209533599594
2025-09-21,69.31350174346949
2025-09-22,66.04637175946618
2025-09-23,65.74313320974558
2025-09-24,66.19873961131464
2025-09-25,62.77605578645783
2025-09-26,64.49809180530633
2025-09-27,64.29354580677193
2025-09-28,65.64990802575517
2025-09-29,66.15849316090149
2025-09-30,65.52495181807973
2025-10-01,68.99632590957876
2025-10-02,71.2563235503198
2025-10-03,71.54853706295762
2025-10-04,70.33468574193239
2025-10-05,70.37297828908099
2025-10-06,72.1606178987519
2025-10-07,69.86522925871377
2025-10-08,71.36443765300332
2025-10-09,70.29096643649024
2025-10-10,58.27810845163083
2025-10-11,57.77856344074843
2025-10-12,62.381006908619135
2025-10-13,63.800184263231664
2025-10-14,61.76808457924797
2025-10-15,59.944784319540396
2025-10-16,57.87362875105871
2025-10-17,56.3853677681791
2025-10-18,57.504091268091734
2025-10-19,58.70578544955849
2025-10-20,59.80145450727142
2025-10-21,58.31913461606225
2025-10-22,57.58629064287142
2025-10-23,58.70571494819716
2025-10-24,59.51338059585449
2025-10-25,59.82917596685237
2025-10-26,61.815076133419275
2025-10-27,61.10346484933924
2025-10-28,59.58344329897015
2025-10-29,59.45742598903485
2025-10-30,56.865432870743575
2025-10-31,58.0883208653574
2025-11-01,59.229051810847714
2025-11-02,59.32253974013417
2025-11-03,54.24327173036233
2025-11-04,52.16016525874237
2025-11-05,53.814365530995026
2025-11-06,54.19636311010756
2025-11-07,61.319314034769434
2025-11-08,60.05097006058614
2025-11-09,61.36819988926932
2025-11-10,61.45946709708829
2025-11-11,58.31553690643185
2025-11-12,57.890748777340804
2025-11-13,56.43493198007294
2025-11-14,54.73354821566786
2025-11-15,56.01218516041016
2025-11-16,54.59292236503988
2025-11-17,53.39349885499858
2025-11-18,54.6289392891748
2025-11-19,52.574485291052504
2025-11-20,50.07183585811723
2025-11-21,48.281479219421705
2025-11-22,48.439799763363226
2025-11-23,49.598591838561546
2025-11-24,51.25211197892768
2025-11-25,51.132933442483214
2025-11-26,52.21359943305289
2025-11-27,52.001905844313235
2025-11-28,51.556104188225305
2025-11-29,51.315960514899835
2025-11-30,51.20598097796598
2025-12-01,48.17008722739228
2025-12-02,51.15166870267127
2025-12-03,53.09538360856973
2025-12-04,51.860459256906964
2025-12-05,50.11981305481895
2025-12-06,50.295058636051294
2025-12-07,49.810159933791624
2025-12-08,50.70463237079238
2025-12-09,52.48537275967481
2025-12-10,51.69865857788117
2025-12-11,50.76502030933868
2025-12-12,49.58161812066054
2025-12-13,49.94191703401631
2025-12-14,48.77261253041542
2025-12-15,47.55504288446018
2025-12-16,48.2148445822318
2025-12-17,46.38382597482116
2025-12-18,45.454332248741835
2025-12-19,47.938245811169864
2025-12-20,48.44901749844429
2025-12-21,48.009391834567346
2025-12-22,48.145238159276666
2025-12-23,47.497095204891075
2025-12-24,46.9339478683758
2025-12-25,46.13584106854931
2025-12-26,46.46068350107885
2025-12-27,47.79557577384203
2025-12-28,47.77764482008895
2025-12-29,47.07679826617648
2025-12-30,47.256972796804725
2025-12-31,46.20409847067791
2026-01-01,47.91578761300044
2026-01-02,49.99733656077587
2026-01-03,50.26990536161234
2026-01-04,50.93786212643953
2026-01-05,53.0767289564201
2026-01-06,53.104371203944886
2026-01-07,51.43030406253983
2026-01-08,50.860527268020086
2026-01-09,50.619984472513146
2026-01-10,50.759070179287065
2026-01-11,51.17454472341403
2026-01-12,51.33659253035679
2026-01-13,54.63750766044267
2026-01-14,54.75155445673878
2026-01-15,53.00698131223806
2026-01-16,52.7739194168087
2026-01-17,52.87415066005537
2026-01-18,51.15491719056309
2026-01-19,50.54852994744658
2026-01-20,47.44910165833639
2026-01-21,48.44959053379838
2026-01-22,48.09937498603215
2026-01-23,48.03864244225184
2026-01-24,47.828129376233754
2026-01-25,45.85171432344367
2026-01-26,47.05432259261198
2026-01-27,47.66969869996551
2026-01-28,47.55702193092569
2026-01-29,45.15951278818993
2026-01-30,44.25288300179711
2026-01-31,41.168640178772144
2026-02-01,39.73268680304335
2026-02-02,40.62120024731438
2026-02-03,39.58785461627763
2026-02-04,38.68660883421496
2026-02-05,32.974758049902356
2026-02-06,36.650794397530134
2026-02-07,36.53412966801907
2026-02-08,36.13696887693903
2026-02-09,36.240237625584925
2026-02-10,35.47614090830821
2026-02-11,34.7491543790777
2026-02-12,35.06789570016711
2026-02-13,36.36927320392853
2026-02-14,38.06801163754732
2026-02-15,36.645622486379885
2026-02-16,36.441101967025375
