Date,Optimized Portfolio Growth
2019-01-03,0.9937772043174664
2019-01-04,1.04240439954418
2019-01-05,1.026608380665804
2019-01-06,1.0631631292591017
2019-01-07,1.049732974270343
2019-01-08,1.1107443726833162
2019-01-09,1.1082336382892388
2019-01-10,0.9952165518724692
2019-01-11,1.0432984108756218
2019-01-12,1.0210458976905337
2019-01-13,0.9750678161647542
2019-01-14,1.0684516285418768
2019-01-15,1.048469752581407
2019-01-16,1.0725397256334739
2019-01-17,1.0919514022514079
2019-01-18,1.104920008238754
2019-01-19,1.119153073076024
2019-01-20,1.0961297154157261
2019-01-21,1.1077957824006817
2019-01-22,1.1158352635882536
2019-01-23,1.1081843811097665
2019-01-24,1.109028431547703
2019-01-25,1.127146359556072
2019-01-26,1.1527755342264148
2019-01-27,1.1436748954280307
2019-01-28,1.0399462981341423
2019-01-29,1.0502789163212933
2019-01-30,1.0442973433834746
2019-01-31,1.0300564490158814
2019-02-01,1.071270527328855
2019-02-02,1.1046548549923179
2019-02-03,1.0765030152960233
2019-02-04,1.1100069442934024
2019-02-05,1.1751793482907584
2019-02-06,1.1838405503380205
2019-02-07,1.1552235713031
2019-02-08,1.263733377869212
2019-02-09,1.2947306863444679
2019-02-10,1.3094210378236244
2019-02-11,1.3167300486860105
2019-02-12,1.2920194364930653
2019-02-13,1.2723716404484677
2019-02-14,1.2523598405564527
2019-02-15,1.2999771471129897
2019-02-16,1.2962766877351717
2019-02-17,1.314670725420333
2019-02-18,1.3832480671867997
2019-02-19,1.4426419184763892
2019-02-20,1.4759986937284124
2019-02-21,1.42621201815779
2019-02-22,1.4575476309544364
2019-02-23,1.4689272595452807
2019-02-24,1.3670214627249258
2019-02-25,1.3856380535558197
2019-02-26,1.3448252934810625
2019-02-27,1.3642222673209383
2019-02-28,1.3973236927329657
2019-03-01,1.468327635205903
2019-03-02,1.4919563937288385
2019-03-03,1.4701540355703304
2019-03-04,1.4607632625602014
2019-03-05,1.6431391531997075
2019-03-06,1.686772474450005
2019-03-07,1.7334510451099212
2019-03-08,1.6858024616652554
2019-03-09,1.7105517454469872
2019-03-10,1.7199436068828275
2019-03-11,1.6828914922883296
2019-03-12,1.766081126936874
2019-03-13,1.7321088115642844
2019-03-14,1.7514082033372425
2019-03-15,1.7489318637164155
2019-03-16,1.8232410573791966
2019-03-17,1.794909878699401
2019-03-18,1.7926509705332478
2019-03-19,1.798830873032433
2019-03-20,1.7715393595318285
2019-03-21,1.7115223644767965
2019-03-22,1.7689162182905789
2019-03-23,1.7756076966567824
2019-03-24,1.897547965529573
2019-03-25,1.8703372582460474
2019-03-26,1.8235750259252748
2019-03-27,1.8898854589191731
2019-03-28,1.8843407837948616
2019-03-29,1.8732649146924216
2019-03-30,1.8972315888298044
2019-03-31,1.9327873228542527
2019-04-01,2.0441835086629876
2019-04-02,2.262802337360076
2019-04-03,2.20794963356746
2019-04-04,2.304972737287389
2019-04-05,2.3427156352939744
2019-04-06,2.2983492708699864
2019-04-07,2.32736172707064
2019-04-08,2.2303661996897928
2019-04-09,2.1909175040684956
2019-04-10,2.214288224811403
2019-04-11,2.0940910732239
2019-04-12,2.160927494563786
2019-04-13,2.214533901418051
2019-04-14,2.290105466012393
2019-04-15,2.2666272529401437
2019-04-16,2.305810973846656
2019-04-17,2.3036095713075975
2019-04-18,2.4903538208135685
2019-04-19,2.623537108888061
2019-04-20,2.6400333096114283
2019-04-21,2.5527487911626214
2019-04-22,2.5405776310281896
2019-04-23,2.4653019832947627
2019-04-24,2.4433437301114793
2019-04-25,2.3227673485309097
2019-04-26,2.359218445256128
2019-04-27,2.336284433567952
2019-04-28,2.388831105125815
2019-04-29,2.292901538314169
2019-04-30,2.3697010821649562
2019-05-01,2.361801558022331
2019-05-02,2.46239661005659
2019-05-03,2.5579347402861634
2019-05-04,2.513000967747086
2019-05-05,2.489628772293833
2019-05-06,2.4756640520621964
2019-05-07,2.370216533070377
2019-05-08,2.415090362436458
2019-05-09,2.280800286812432
2019-05-10,2.343165783747097
2019-05-11,2.5294607428267937
2019-05-12,2.459655002849495
2019-05-13,2.6914935782422136
2019-05-14,2.857125474337855
2019-05-15,3.134365616074919
2019-05-16,3.1161007277087176
2019-05-17,2.9972011706264103
2019-05-18,3.158035213931089
2019-05-19,3.3196610228280234
2019-05-20,3.3618828774731635
2019-05-21,3.5877713345563724
2019-05-22,3.513497832900663
2019-05-23,3.581885211243731
2019-05-24,3.7324591879553144
2019-05-25,3.716338757722208
2019-05-26,3.7369484631083867
2019-05-27,3.819229673194821
2019-05-28,3.8174312879299106
2019-05-29,3.7860015826259286
2019-05-30,3.6052605117039587
2019-05-31,3.6724225807256143
2019-06-01,3.6751769151268214
2019-06-02,3.7555486114415277
2019-06-03,3.5139560975966013
2019-06-04,3.341665364028974
2019-06-05,3.525555861317733
2019-06-06,3.5888383867171663
2019-06-07,3.6357332586150153
2019-06-08,3.6360313179235817
2019-06-09,3.450481068054474
2019-06-10,3.647958865360612
2019-06-11,3.6121694944573406
2019-06-12,3.7854341857069937
2019-06-13,4.14244641315602
2019-06-14,3.968832213812388
2019-06-15,3.9980408594351307
2019-06-16,4.0648860705225776
2019-06-17,4.191883540072195
2019-06-18,4.118258933925014
2019-06-19,4.208695439894313
2019-06-20,4.311129028055238
2019-06-21,4.426919842560333
2019-06-22,4.704555484443063
2019-06-23,4.547398033188415
2019-06-24,4.618698741252448
2019-06-25,4.65878758492228
2019-06-26,4.789963944520122
2019-06-27,4.54731563763343
2019-06-28,4.7702988921847735
2019-06-29,4.989854448547758
2019-06-30,4.605971484218133
2019-07-01,4.668156180699556
2019-07-02,4.6265269415510355
2019-07-03,4.689971808731479
2019-07-04,4.688186749471044
2019-07-05,4.840492274671439
2019-07-06,4.738660191874137
2019-07-07,4.822037253672038
2019-07-08,4.847861435847286
2019-07-09,4.694842318489097
2019-07-10,4.530974870788922
2019-07-11,4.226189168056004
2019-07-12,4.5173583370049055
2019-07-13,4.43850609069653
2019-07-14,4.023858081192776
2019-07-15,4.225651630474989
2019-07-16,3.6957572410572284
2019-07-17,3.9696424730419864
2019-07-18,4.110777058769669
2019-07-19,4.143762158837645
2019-07-20,4.315050382065909
2019-07-21,4.278404242359685
2019-07-22,4.191211909487139
2019-07-23,4.010739933177447
2019-07-24,4.015815438130675
2019-07-25,4.00587364444701
2019-07-26,4.023588685572789
2019-07-27,3.8511142047880087
2019-07-28,3.858258523118679
2019-07-29,3.7774654474643574
2019-07-30,3.7481975223259703
2019-07-31,3.8686024567133592
2019-08-01,3.9497174680858826
2019-08-02,3.924032021150635
2019-08-03,3.929366352164422
2019-08-04,3.929870602949288
2019-08-05,4.025055325908785
2019-08-06,3.9349947745820018
2019-08-07,4.074999894662472
2019-08-08,4.1095492115155405
2019-08-09,3.9849823126463
2019-08-10,3.973213304043578
2019-08-11,4.067619030866994
2019-08-12,4.067700593910563
2019-08-13,3.9970880920720946
2019-08-14,3.7170618254132703
2019-08-15,3.787976396484306
2019-08-16,3.7561041042323073
2019-08-17,3.768732630806261
2019-08-18,3.832150944619362
2019-08-19,3.9569935618328596
2019-08-20,3.844034145673557
2019-08-21,3.657948597919248
2019-08-22,3.6937010011252465
2019-08-23,3.738048140479784
2019-08-24,3.649275661708755
2019-08-25,3.6157826756238687
2019-08-26,3.6295472632606973
2019-08-27,3.5830235751874646
2019-08-28,3.2953688025561516
2019-08-29,3.0657664084132477
2019-08-30,3.156381545223256
2019-08-31,3.0575831488005636
2019-09-01,3.117573487444487
2019-09-02,3.2453100332274376
2019-09-03,3.241441588926779
2019-09-04,3.165829915624376
2019-09-05,3.189545131608538
2019-09-06,3.1250465135139764
2019-09-07,3.202061231381549
2019-09-08,3.2243308525238414
2019-09-09,3.1699544906267088
2019-09-10,3.1513607789705955
2019-09-11,3.004370576932667
2019-09-12,3.0457427671255237
2019-09-13,3.0256950050174165
2019-09-14,3.043467670645892
2019-09-15,3.0098765923571325
2019-09-16,3.0035461194614412
2019-09-17,3.099202868913702
2019-09-18,3.2736910248035813
2019-09-19,3.208540183192515
2019-09-20,3.16888768611095
2019-09-21,3.1570048746884556
2019-09-22,3.077965885828892
2019-09-23,2.948601129727511
2019-09-24,2.535585798109635
2019-09-25,2.5678224638346543
2019-09-26,2.4652174167305345
2019-09-27,2.5270139443290955
2019-09-28,2.5283364097515055
2019-09-29,2.484225348277216
2019-09-30,2.5859007051568383
2019-10-01,2.595720368233582
2019-10-02,2.637748094426124
2019-10-03,2.5856749517271305
2019-10-04,2.595809153968529
2019-10-05,2.578601402124892
2019-10-06,2.617115236804297
2019-10-07,2.7755458015743737
2019-10-08,2.7807407299140254
2019-10-09,3.026820793501972
2019-10-10,2.949195606770428
2019-10-11,2.883791729226811
2019-10-12,2.932963264421181
2019-10-13,3.040062759589835
2019-10-14,3.1038421097140363
2019-10-15,3.077265760986504
2019-10-16,2.990637134960298
2019-10-17,3.0942002659630266
2019-10-18,3.0612752615327246
2019-10-19,3.0789882768322325
2019-10-20,3.092685659650978
2019-10-21,3.1422492111666065
2019-10-22,3.0763620456882967
2019-10-23,2.8889391441885133
2019-10-24,2.967112232543
2019-10-25,3.257242723555817
2019-10-26,3.2101675649292027
2019-10-27,3.3149594789003114
2019-10-28,3.352988844990096
2019-10-29,3.4487128403019542
2019-10-30,3.393346357828716
2019-10-31,3.4224276236235176
2019-11-01,3.414724148728564
2019-11-02,3.4411586037207713
2019-11-03,3.4274480908011027
2019-11-04,3.479974503733476
2019-11-05,3.540369778232751
2019-11-06,3.5113557114849705
2019-11-07,3.5638933598103812
2019-11-08,3.4582876025437783
2019-11-09,3.494953704982786
2019-11-10,3.5814319086675375
2019-11-11,3.519044591061918
2019-11-12,3.583067406781346
2019-11-13,3.6740179348127184
2019-11-14,3.635087322511907
2019-11-15,3.506883857121407
2019-11-16,3.5099745854847
2019-11-17,3.491457645982891
2019-11-18,3.320390068683534
2019-11-19,3.2364253036956043
2019-11-20,3.185748721255342
2019-11-21,3.015397302267377
2019-11-22,2.898553478672037
2019-11-23,2.973918033419669
2019-11-24,2.785915286529169
2019-11-25,2.7821348311925322
2019-11-26,2.7854397923838876
2019-11-27,2.855427373292566
2019-11-28,2.831586333870137
2019-11-29,2.9344256477571977
2019-11-30,2.8112141004048756
2019-12-01,2.792562379287399
2019-12-02,2.7320569302647852
2019-12-03,2.755247628511581
2019-12-04,2.711359366387553
2019-12-05,2.7452470478032107
2019-12-06,2.762889504233953
2019-12-07,2.7470765187603092
2019-12-08,2.7497605966792666
2019-12-09,2.756777738916169
2019-12-10,2.7439086977089944
2019-12-11,2.7126496237671796
2019-12-12,2.695066548223681
2019-12-13,2.6909450672696873
2019-12-14,2.6478475971190663
2019-12-15,2.657174477661108
2019-12-16,2.509671594896139
2019-12-17,2.31368786115046
2019-12-18,2.4754437928472792
2019-12-19,2.433649555936299
2019-12-20,2.554746600468838
2019-12-21,2.523024039893288
2019-12-22,2.6061977752598526
2019-12-23,2.4618746306560655
2019-12-24,2.5713198083847786
2019-12-25,2.442356436200966
2019-12-26,2.5193754395417134
2019-12-27,2.5391863981597127
2019-12-28,2.5593873755897842
2019-12-29,2.6139371402115428
2019-12-30,2.570664455313164
2019-12-31,2.5107361268652078
2020-01-01,2.541126031177662
2020-01-02,2.4808090983676316
2020-01-03,2.551924931920533
2020-01-04,2.5916369920839037
2020-01-05,2.653326328116857
2020-01-06,2.806286083015697
2020-01-07,2.8850673667514792
2020-01-08,2.807768436973449
2020-01-09,2.779311646707511
2020-01-10,2.8774123434325434
2020-01-11,2.8678675150587605
2020-01-12,2.9331774267875725
2020-01-13,2.8875410026670085
2020-01-14,3.149352284939384
2020-01-15,3.189384343282844
2020-01-16,3.2205868912541913
2020-01-17,3.4435487475249507
2020-01-18,3.413972966818587
2020-01-19,3.3161299640309068
2020-01-20,3.334517872622079
2020-01-21,3.4332411673277288
2020-01-22,3.3853019840117637
2020-01-23,3.1726924355055592
2020-01-24,3.1832325774086003
2020-01-25,3.17112819115994
2020-01-26,3.297529137785904
2020-01-27,3.387735392303472
2020-01-28,3.3986128282069545
2020-01-29,3.4327995703488012
2020-01-30,3.5136681328376107
2020-01-31,3.4430351579742844
2020-02-01,3.527463532381346
2020-02-02,3.5637998238943496
2020-02-03,3.494319836343648
2020-02-04,3.5201963443499897
2020-02-05,3.6907010752938314
2020-02-06,3.9374186937100077
2020-02-07,4.118383103591062
2020-02-08,4.189568307612075
2020-02-09,4.464126017727857
2020-02-10,4.504635706683279
2020-02-11,4.811972373212764
2020-02-12,4.964521699051813
2020-02-13,4.790206019151286
2020-02-14,5.082348585578093
2020-02-15,4.728832367391699
2020-02-16,4.6419201734081925
2020-02-17,4.564345815637125
2020-02-18,4.69204044108201
2020-02-19,4.403465989931643
2020-02-20,4.376511754592331
2020-02-21,4.343164252699103
2020-02-22,4.27053250629355
2020-02-23,4.425736696846048
2020-02-24,4.247618600313261
2020-02-25,3.959165955681131
2020-02-26,3.811198218267158
2020-02-27,3.87167578809151
2020-02-28,3.7945192118951656
2020-02-29,3.8463078061155804
2020-03-01,3.768366984879306
2020-03-02,3.928630743676704
2020-03-03,3.9956995043200663
2020-03-04,4.031186627837107
2020-03-05,4.178086528803922
2020-03-06,4.201856991991648
2020-03-07,4.004979520324627
2020-03-08,3.5160000561043057
2020-03-09,3.498448021134426
2020-03-10,3.507849232659341
2020-03-11,3.418515017310117
2020-03-12,2.1478888338882123
2020-03-13,2.455873843644722
2020-03-14,2.259480887226735
2020-03-15,2.2717870133089377
2020-03-16,2.0370253406458807
2020-03-17,2.14715725857061
2020-03-18,2.34220534244364
2020-03-19,2.765575150169652
2020-03-20,2.69662298438671
2020-03-21,2.7126421892729518
2020-03-22,2.5210314673183256
2020-03-23,2.7190747919183753
2020-03-24,2.7044288668447196
2020-03-25,2.671173051692135
2020-03-26,2.824836801818992
2020-03-27,2.706163697865848
2020-03-28,2.6038974682483444
2020-03-29,2.4723471595080895
2020-03-30,2.659138264313831
2020-03-31,2.784542000256844
2020-04-01,2.78771156710116
2020-04-02,2.841320534397196
2020-04-03,2.8889890784075707
2020-04-04,3.00855891409527
2020-04-05,2.962257495454024
2020-04-06,3.267642405313905
2020-04-07,3.3828479583345015
2020-04-08,3.425385784997271
2020-04-09,3.4577842939749033
2020-04-10,3.194378193557418
2020-04-11,3.2690589393325675
2020-04-12,3.325856040750685
2020-04-13,3.4470686361457523
2020-04-14,3.485908171555545
2020-04-15,3.3087287118401547
2020-04-16,3.58419374875588
2020-04-17,3.581805421454134
2020-04-18,3.7580306746701573
2020-04-19,3.670273393230974
2020-04-20,3.4869310053196165
2020-04-21,3.5014517203970104
2020-04-22,3.6094753243048388
2020-04-23,3.680114699406683
2020-04-24,3.722953116209948
2020-04-25,3.7683168060852346
2020-04-26,3.852719616006393
2020-04-27,3.8352626817698465
2020-04-28,3.84714636707293
2020-04-29,4.153097107040638
2020-04-30,3.97388718273314
2020-05-01,4.132600853421001
2020-05-02,4.124382039731287
2020-05-03,4.028535408250643
2020-05-04,4.0320107290809295
2020-05-05,4.0094435149845875
2020-05-06,3.974426114549228
2020-05-07,4.066215009776535
2020-05-08,4.072556908113402
2020-05-09,4.145578213895634
2020-05-10,3.7202620304914844
2020-05-11,3.683220477429632
2020-05-12,3.827682007534412
2020-05-13,3.88065439837141
2020-05-14,3.9557086065125397
2020-05-15,3.810838673505242
2020-05-16,3.873411542873737
2020-05-17,3.974878536047785
2020-05-18,4.02498766785717
2020-05-19,4.11358305641151
2020-05-20,4.114341503172646
2020-05-21,3.933181937099856
2020-05-22,4.018978734361104
2020-05-23,4.022794089529485
2020-05-24,4.021196290477079
2020-05-25,4.01186710393862
2020-05-26,3.9815151006936755
2020-05-27,4.14755102421268
2020-05-28,4.295699959400827
2020-05-29,4.313762132751175
2020-05-30,4.547891011527503
2020-05-31,4.437855388828692
2020-06-01,4.6546275094362
2020-06-02,4.516410069563907
2020-06-03,4.578215351102489
2020-06-04,4.621950447840555
2020-06-05,4.542189263714609
2020-06-06,4.615688236792299
2020-06-07,4.60672997476152
2020-06-08,4.648812437388072
2020-06-09,4.686679893600107
2020-06-10,4.6986761888293875
2020-06-11,4.324105689013225
2020-06-12,4.4513540668995715
2020-06-13,4.4917562384799785
2020-06-14,4.425194785544166
2020-06-15,4.374012427621072
2020-06-16,4.351857195002865
2020-06-17,4.400289432081601
2020-06-18,4.336526124490139
2020-06-19,4.287268811373068
2020-06-20,4.335580715745739
2020-06-21,4.33774162388682
2020-06-22,4.46063682702361
2020-06-23,4.5106919751954075
2020-06-24,4.387875513868568
2020-06-25,4.434710269601555
2020-06-26,4.352164396340957
2020-06-27,4.156289105874164
2020-06-28,4.232057330457055
2020-06-29,4.279883500618698
2020-06-30,4.315878893053161
2020-07-01,4.421834557046346
2020-07-02,4.4249376768029585
2020-07-03,4.525336067432687
2020-07-04,4.57479756404926
2020-07-05,4.540844828181644
2020-07-06,4.881983852988268
2020-07-07,5.124263110468228
2020-07-08,5.766514449750141
2020-07-09,5.590399092772748
2020-07-10,5.459497524064762
2020-07-11,5.539032165446086
2020-07-12,5.757361421335581
2020-07-13,5.614455924935095
2020-07-14,5.680490882838578
2020-07-15,5.578273545755737
2020-07-16,5.42310532503369
2020-07-17,5.433809199581212
2020-07-18,5.487987195135992
2020-07-19,5.645143780557613
2020-07-20,5.43328945702204
2020-07-21,5.511676886296669
2020-07-22,5.621172221142874
2020-07-23,5.764636988961481
2020-07-24,5.763847943455859
2020-07-25,5.931791927274654
2020-07-26,5.918412935152046
2020-07-27,5.860837207691037
2020-07-28,5.987758777281348
2020-07-29,5.926159294823792
2020-07-30,5.993290620945342
2020-07-31,6.152636030672266
2020-08-01,6.5763779399961075
2020-08-02,6.329601353401436
2020-08-03,6.62823960396844
2020-08-04,6.785215799952159
2020-08-05,6.93541031476527
2020-08-06,6.951980777554332
2020-08-07,6.8466005063900255
2020-08-08,7.183884664020653
2020-08-09,7.207643603131995
2020-08-10,7.263846599068879
2020-08-11,6.86734819885252
2020-08-12,7.263680066561694
2020-08-13,7.4692562343243
2020-08-14,7.67850122906189
2020-08-15,7.807096756235723
2020-08-16,7.9652429333463015
2020-08-17,7.918355832015871
2020-08-18,7.731169186721812
2020-08-19,7.560202535968936
2020-08-20,7.704372275660082
2020-08-21,7.276272349549574
2020-08-22,7.517592341531542
2020-08-23,7.430912142748904
2020-08-24,7.62931217999345
2020-08-25,7.263609226401739
2020-08-26,7.484764878328322
2020-08-27,7.542739321628914
2020-08-28,7.704538514806717
2020-08-29,7.813945498142801
2020-08-30,7.96881976979674
2020-08-31,7.866216716655218
2020-09-01,8.353226996585224
2020-09-02,8.166191020265968
2020-09-03,7.200101849752511
2020-09-04,7.252942594270179
2020-09-05,6.617192150765769
2020-09-06,7.551743655633079
2020-09-07,7.404955880856321
2020-09-08,7.5182910231720115
2020-09-09,7.803096355915405
2020-09-10,7.803567827446264
2020-09-11,7.932193560941453
2020-09-12,8.444235000654631
2020-09-13,8.698365864740017
2020-09-14,8.736895518830677
2020-09-15,7.956233563315547
2020-09-16,8.017891540254599
2020-09-17,7.950220789244692
2020-09-18,7.953553324117619
2020-09-19,7.876104045543022
2020-09-20,7.626616791001901
2020-09-21,6.87935219543579
2020-09-22,7.045011342562481
2020-09-23,6.676293501830741
2020-09-24,7.289516710020388
2020-09-25,7.438185431476809
2020-09-26,7.66056758159214
2020-09-27,7.637843226101145
2020-09-28,7.789456850124119
2020-09-29,8.194333344082429
2020-09-30,8.218669250521142
2020-10-01,7.881384691683844
2020-10-02,7.7750871573773335
2020-10-03,7.954370998247888
2020-10-04,8.112593010176147
2020-10-05,8.066041033453446
2020-10-06,7.758747507224414
2020-10-07,7.770661543407588
2020-10-08,7.866789847327354
2020-10-09,8.178515146662482
2020-10-10,8.29096964256525
2020-10-11,8.385499947082602
2020-10-12,8.833112603743297
2020-10-13,8.897124600424794
2020-10-14,8.864280951680255
2020-10-15,9.505484717295948
2020-10-16,9.078723216465038
2020-10-17,9.07634525435342
2020-10-18,9.025242113913459
2020-10-19,8.938977958420066
2020-10-20,8.594820294017332
2020-10-21,8.814368463976397
2020-10-22,9.035314077447731
2020-10-23,9.061399176038865
2020-10-24,9.159706696000379
2020-10-25,9.362983537078495
2020-10-26,9.414648810740957
2020-10-27,9.556669902849016
2020-10-28,9.209947860596614
2020-10-29,9.063234884322762
2020-10-30,8.73698636062787
2020-10-31,8.773361849459926
2020-11-01,8.824746058032314
2020-11-02,8.534210541778453
2020-11-03,8.302929538046627
2020-11-04,8.322125843389394
2020-11-05,8.581420478721643
2020-11-06,9.08985844410983
2020-11-07,8.715011978624931
2020-11-08,8.956624537767278
2020-11-09,8.866521264587782
2020-11-10,8.971047431657631
2020-11-11,8.918941083299796
2020-11-12,8.810103341992313
2020-11-13,8.98357887297416
2020-11-14,8.883344964976992
2020-11-15,8.75690459138536
2020-11-16,8.9327808881599
2020-11-17,9.172172020301778
2020-11-18,9.117967815831955
2020-11-19,9.088292348442515
2020-11-20,9.32998463943545
2020-11-21,10.110951576211772
2020-11-22,9.809054945094772
2020-11-23,10.296197534441566
2020-11-24,11.202196112680568
2020-11-25,10.396714551348769
2020-11-26,9.32530556423792
2020-11-27,9.374397688496813
2020-11-28,9.645341281090413
2020-11-29,9.876842690321727
2020-11-30,10.293908649440805
2020-12-01,9.822213704941001
2020-12-02,9.97222147418122
2020-12-03,10.07787356128398
2020-12-04,9.508658062512543
2020-12-05,9.762400128433223
2020-12-06,9.756695159840872
2020-12-07,9.675660596618053
2020-12-08,9.111255269208183
2020-12-09,9.280100054942299
2020-12-10,9.090608861303032
2020-12-11,8.968302358370078
2020-12-12,9.231159448346611
2020-12-13,9.534605957682892
2020-12-14,9.658216441275943
2020-12-15,9.547679835188156
2020-12-16,9.930321847959455
2020-12-17,10.00154111119436
2020-12-18,10.202872944957482
2020-12-19,10.64792980141835
2020-12-20,11.032962469467053
2020-12-21,10.522282330207295
2020-12-22,10.665344056456401
2020-12-23,9.543660553482606
2020-12-24,10.322716990117618
2020-12-25,10.484232520232801
2020-12-26,10.380343444278855
2020-12-27,10.558128123337841
2020-12-28,11.04608061183383
2020-12-29,11.29420924199941
2020-12-30,11.173878576146477
2020-12-31,11.173263652209588
2021-01-01,11.636548539727205
2021-01-02,13.248772337861341
2021-01-03,13.940689548853747
2021-01-04,13.949249979074207
2021-01-05,14.187540265208625
2021-01-06,14.851197567830289
2021-01-07,14.834110859179678
2021-01-08,14.522983289736269
2021-01-09,15.371771045916494
2021-01-10,14.87262702993043
2021-01-11,13.393263917578768
2021-01-12,13.040142822074456
2021-01-13,13.917262019661976
2021-01-14,14.639125663895365
2021-01-15,14.793693906190066
2021-01-16,15.242963896008103
2021-01-17,16.064256813594533
2021-01-18,15.959593497446361
2021-01-19,15.231929891367548
2021-01-20,15.271332992506808
2021-01-21,13.752203912506603
2021-01-22,14.700762275406394
2021-01-23,15.056664948398733
2021-01-24,15.345122194230916
2021-01-25,15.06209934897327
2021-01-26,14.979976925121504
2021-01-27,14.35927829038653
2021-01-28,22.601514499394177
2021-01-29,24.233112573306844
2021-01-30,23.374972474573354
2021-01-31,24.20626564805943
2021-02-01,26.29983776599094
2021-02-02,25.923008850333943
2021-02-03,27.287439357253128
2021-02-04,29.914000904168947
2021-02-05,33.56055834808519
2021-02-06,35.64706238200179
2021-02-07,36.528551313222735
2021-02-08,40.73771478913158
2021-02-09,50.559383327774555
2021-02-10,55.87508380548529
2021-02-11,55.832198265258775
2021-02-12,59.803373707098025
2021-02-13,59.797673655207504
2021-02-14,60.02517603338114
2021-02-15,56.448876099721105
2021-02-16,56.00232047480508
2021-02-17,63.63185608211653
2021-02-18,72.45600283014495
2021-02-19,100.34137566198633
2021-02-20,86.97672256064993
2021-02-21,94.76251369826265
2021-02-22,86.96264310287842
2021-02-23,74.67576101100506
2021-02-24,82.5580643633962
2021-02-25,75.39170359789284
2021-02-26,73.59350363538516
2021-02-27,75.25788023426689
2021-02-28,70.88595565737954
2021-03-01,81.55017186435926
2021-03-02,79.04756562529272
2021-03-03,80.97071131752817
2021-03-04,78.08070720070705
2021-03-05,77.20212075457704
2021-03-06,77.68565525833807
2021-03-07,80.9505039704413
2021-03-08,84.70321855832657
2021-03-09,94.03782706155569
2021-03-10,90.29155436352431
2021-03-11,92.08138823269955
2021-03-12,86.82630959086775
2021-03-13,92.53636002082987
2021-03-14,89.60230884897672
2021-03-15,86.66884464844152
2021-03-16,89.23426555903478
2021-03-17,95.79113981113588
2021-03-18,92.5044402998152
2021-03-19,94.51485791408595
2021-03-20,94.96394675878905
2021-03-21,94.58455560361816
2021-03-22,90.56638931265634
2021-03-23,90.31921063065296
2021-03-24,87.7743647939546
2021-03-25,85.46920624107635
2021-03-26,94.53532212452886
2021-03-27,97.5570037435877
2021-03-28,96.8405933084924
2021-03-29,99.10115535371068
2021-03-30,107.48820796992248
2021-03-31,112.67143100503488
2021-04-01,121.60826242322732
2021-04-02,122.45837754736507
2021-04-03,118.69801451843342
2021-04-04,128.86388249729023
2021-04-05,133.99693659932603
2021-04-06,142.3242555914349
2021-04-07,130.79628993246675
2021-04-08,142.00541297083092
2021-04-09,148.29803543202198
2021-04-10,154.0156769499857
2021-04-11,168.48750834905286
2021-04-12,179.36169534367946
2021-04-13,183.764337521481
2021-04-14,196.1711801340901
2021-04-15,213.81153517991945
2021-04-16,239.64037822820498
2021-04-17,232.08736249064273
2021-04-18,221.49451751042594
2021-04-19,231.93009198657666
2021-04-20,247.87971175369182
2021-04-21,232.41388318413547
2021-04-22,214.34737244489864
2021-04-23,216.39220857499188
2021-04-24,207.2927364984528
2021-04-25,207.25126932715887
2021-04-26,224.93782239831927
2021-04-27,235.64235099457574
2021-04-28,239.79841073592746
2021-04-29,246.07951805924355
2021-04-30,260.8185513916774
2021-05-01,268.95264912371266
2021-05-02,265.47355575083543
2021-05-03,287.70589204398664
2021-05-04,281.09910403556796
2021-05-05,311.08899062461734
2021-05-06,300.0840739686233
2021-05-07,306.70585997093025
2021-05-08,307.28582448167924
2021-05-09,309.5541699959464
2021-05-10,282.2689800387562
2021-05-11,301.9567446734552
2021-05-12,258.0532250932315
2021-05-13,265.66091707831083
2021-05-14,283.4260095741789
2021-05-15,262.3042964822983
2021-05-16,261.388203824307
2021-05-17,240.50442995495547
2021-05-18,244.37817861764756
2021-05-19,162.94689875301341
2021-05-20,191.94782771039507
2021-05-21,162.3641399459174
2021-05-22,150.75391702401834
2021-05-23,132.14027514728434
2021-05-24,168.29746830278012
2021-05-25,167.40146005482126
2021-05-26,184.50259289328974
2021-05-27,176.2634496747577
2021-05-28,159.6538356613959
2021-05-29,150.0367214730078
2021-05-30,157.40459656494974
2021-05-31,172.77843224716796
2021-06-01,176.679862567553
2021-06-02,191.14174183881198
2021-06-03,202.60109875434352
2021-06-04,187.16161040446306
2021-06-05,184.67278979522743
2021-06-06,186.16493637620653
2021-06-07,168.73534773755904
2021-06-08,166.6406867246802
2021-06-09,175.53058362483648
2021-06-10,164.56577987002223
2021-06-11,159.65185610717822
2021-06-12,158.37564305660007
2021-06-13,168.05783436909687
2021-06-14,170.11247634130757
2021-06-15,173.3025025023166
2021-06-16,160.4940221182884
2021-06-17,163.09033865384356
2021-06-18,154.50171055747055
2021-06-19,152.61961679025364
2021-06-20,154.103062595407
2021-06-21,118.31417369918762
2021-06-22,116.83390247001637
2021-06-23,132.60461675042197
2021-06-24,141.40675065444822
2021-06-25,128.83888622335084
2021-06-26,129.1461384387358
2021-06-27,135.9623603203425
2021-06-28,135.6970541805605
2021-06-29,141.47873747490107
2021-06-30,141.05451987189036
2021-07-01,133.95778858382945
2021-07-02,134.20332168832917
2021-07-03,137.63688711905672
2021-07-04,140.85132829453093
2021-07-05,136.3138714501373
2021-07-06,143.12605087935705
2021-07-07,143.19671167169298
2021-07-08,135.0542759415722
2021-07-09,138.35691957127764
2021-07-10,136.9237059371323
2021-07-11,138.90296028231617
2021-07-12,135.12497810525895
2021-07-13,131.36657106599816
2021-07-14,131.19173138831388
2021-07-15,128.9555739235395
2021-07-16,123.75709164504562
2021-07-17,124.8205191768016
2021-07-18,125.31084263462289
2021-07-19,117.26044828630754
2021-07-20,111.4395393221871
2021-07-21,123.03799791244745
2021-07-22,124.52232231843011
2021-07-23,127.13614271901841
2021-07-24,128.94905718722757
2021-07-25,129.15559931452697
2021-07-26,131.89574451741396
2021-07-27,136.0805435551442
2021-07-28,135.56836805950044
2021-07-29,136.8186197122793
2021-07-30,142.38429834989293
2021-07-31,145.61887503838474
2021-08-01,144.82240928231735
2021-08-02,145.84181232555233
2021-08-03,143.16403361098978
2021-08-04,148.12226331875405
2021-08-05,149.48176707965393
2021-08-06,152.30498510131244
2021-08-07,164.04875029788482
2021-08-08,155.70380798043828
2021-08-09,162.74351712996187
2021-08-10,167.1906668419474
2021-08-11,176.9041820476684
2021-08-12,173.800432394053
2021-08-13,187.16928165348028
2021-08-14,187.01581726942644
2021-08-15,193.96202954130683
2021-08-16,192.49370543947563
2021-08-17,183.15057398144978
2021-08-18,181.5342138562671
2021-08-19,193.62442092028147
2021-08-20,203.08433880442124
2021-08-21,200.30562632518493
2021-08-22,200.168440313135
2021-08-23,214.13249437570616
2021-08-24,199.35385913086066
2021-08-25,208.6851584725559
2021-08-26,196.75629827954955
2021-08-27,206.49507792688104
2021-08-28,203.1298314570142
2021-08-29,201.41736956514507
2021-08-30,193.79186499264077
2021-08-31,199.0783345531554
2021-09-01,211.74997865634015
2021-09-02,211.47553898654215
2021-09-03,213.79258949225164
2021-09-04,219.04611301988126
2021-09-05,229.9583413965642
2021-09-06,227.03723452353933
2021-09-07,188.07381055971877
2021-09-08,189.1979694486164
2021-09-09,191.1370849410706
2021-09-10,181.951075341698
2021-09-11,184.43324841085618
2021-09-12,193.94518244831525
2021-09-13,183.27636558088628
2021-09-14,193.95833998477772
2021-09-15,200.56776681587525
2021-09-16,196.33158642799043
2021-09-17,187.96839145964105
2021-09-18,189.76230778584718
2021-09-19,186.75191147008962
2021-09-20,164.56852076039536
2021-09-21,156.3452019586447
2021-09-22,173.458225807671
2021-09-23,175.62173364954847
2021-09-24,161.4861112581295
2021-09-25,160.47855501745676
2021-09-26,157.29255323840482
2021-09-27,153.82306824204642
2021-09-28,150.52180136327323
2021-09-29,160.84066334311382
2021-09-30,168.32309675067012
2021-10-01,184.41534003183688
2021-10-02,185.6066253870602
2021-10-03,187.17897448739214
2021-10-04,187.33869944805008
2021-10-05,194.14039037888912
2021-10-06,192.42689404282297
2021-10-07,191.7527834758592
2021-10-08,188.77615462727846
2021-10-09,191.18896456831345
2021-10-10,181.28519485683285
2021-10-11,183.66922437973153
2021-10-12,188.72757818163507
2021-10-13,196.9197258256396
2021-10-14,198.58215345821466
2021-10-15,199.08397692870147
2021-10-16,197.8815881231523
2021-10-17,197.6968658555317
2021-10-18,201.1520203909184
2021-10-19,202.27706868148195
2021-10-20,209.22076611804363
2021-10-21,200.56883514189508
2021-10-22,203.4750554047932
2021-10-23,208.8613849492509
2021-10-24,207.44554714531125
2021-10-25,211.2132913273115
2021-10-26,208.44409206441335
2021-10-27,192.22744814490883
2021-10-28,212.71748778110532
2021-10-29,222.16068418511864
2021-10-30,218.9303568659341
2021-10-31,220.8757919140123
2021-11-01,227.3170273422709
2021-11-02,230.58762560408815
2021-11-03,232.50678328795624
2021-11-04,227.8449327567931
2021-11-05,240.70368265669234
2021-11-06,245.01977605125344
2021-11-07,249.54757348549902
2021-11-08,256.6637994194743
2021-11-09,252.44038751679994
2021-11-10,243.75875077352595
2021-11-11,248.52433863552633
2021-11-12,246.6379076356911
2021-11-13,252.81900351228202
2021-11-14,253.61971700398328
2021-11-15,247.8595581595938
2021-11-16,228.82950796266394
2021-11-17,226.68480203336352
2021-11-18,208.351441562827
2021-11-19,223.69837501012105
2021-11-20,228.76224392271976
2021-11-21,224.80863318772845
2021-11-22,214.40424477150648
2021-11-23,222.49063431655256
2021-11-24,218.19730017230063
2021-11-25,221.17566947066825
2021-11-26,211.74555316819814
2021-11-27,217.6757981530114
2021-11-28,221.0752606532189
2021-11-29,224.92364189998702
2021-11-30,224.61427076063617
2021-12-01,225.09964606560897
2021-12-02,222.34725638652688
2021-12-03,212.38693035644295
2021-12-04,196.46015481706397
2021-12-05,190.2355088811024
2021-12-06,198.35768225163878
2021-12-07,198.78808807759324
2021-12-08,208.05851206244668
2021-12-09,194.1599657142713
2021-12-10,188.26782688912706
2021-12-11,194.0084426568202
2021-12-12,195.76480383760762
2021-12-13,178.09556232987782
2021-12-14,180.20093263045013
2021-12-15,190.1405918772542
2021-12-16,184.04546574731418
2021-12-17,180.83193146644396
2021-12-18,185.0117760583137
2021-12-19,182.53759570183192
2021-12-20,179.94921912228796
2021-12-21,183.0718869973559
2021-12-22,185.0998592106435
2021-12-23,194.13250848906603
2021-12-24,191.555401858522
2021-12-25,194.42743307105061
2021-12-26,195.51521743675866
2021-12-27,198.74143779865227
2021-12-28,186.16309887434122
2021-12-29,179.3284735438538
2021-12-30,181.80097348980107
2021-12-31,178.9978182960623
2022-01-01,184.63545509129634
2022-01-02,187.34486544576546
2022-01-03,184.66091575530734
2022-01-04,183.7265841340331
2022-01-05,175.83864606770655
2022-01-06,175.37856851455695
2022-01-07,168.71247640237038
2022-01-08,162.83176231687557
2022-01-09,166.7982013330339
2022-01-10,161.4664378736099
2022-01-11,170.71769512708883
2022-01-12,178.43975988286397
2022-01-13,174.54732567277176
2022-01-14,181.10532009632718
2022-01-15,182.03597118133823
2022-01-16,182.47233477099374
2022-01-17,174.9056246729568
2022-01-18,171.66900493413954
2022-01-19,167.72926503193526
2022-01-20,159.52300032639883
2022-01-21,139.88565622446396
2022-01-22,129.403941417649
2022-01-23,137.0543571511504
2022-01-24,131.77758916616145
2022-01-25,135.04309519542792
2022-01-26,133.88296609560075
2022-01-27,136.15487966048312
2022-01-28,137.14683946019971
2022-01-29,138.93919510133293
2022-01-30,137.58444812885597
2022-01-31,137.7471558809037
2022-02-01,139.5976383164087
2022-02-02,133.24979093571417
2022-02-03,134.67185438005527
2022-02-04,144.7973547446553
2022-02-05,148.409435206454
2022-02-06,151.25388468930817
2022-02-07,158.1477672373878
2022-02-08,151.77017842468746
2022-02-09,155.06409343731224
2022-02-10,150.4641542045032
2022-02-11,142.92039489237743
2022-02-12,142.92120367862947
2022-02-13,142.56902432483156
2022-02-14,143.37997467624922
2022-02-15,152.8184683881795
2022-02-16,151.67535626114986
2022-02-17,141.05113578199402
2022-02-18,140.5896039583054
2022-02-19,141.37583091936392
2022-02-20,135.09182004546633
2022-02-21,126.63983166237816
2022-02-22,132.03708141241106
2022-02-23,128.46227154917182
2022-02-24,126.65785836942709
2022-02-25,131.22485853363642
2022-02-26,131.5410511657966
2022-02-27,127.37884225694282
2022-02-28,138.945983134917
2022-03-01,141.51799777673708
2022-03-02,141.1547525671231
2022-03-03,138.2847129213663
2022-03-04,129.27562839942166
2022-03-05,132.67510792307937
2022-03-06,128.56217186091885
2022-03-07,127.97586954856887
2022-03-08,129.03847028205095
2022-03-09,133.7286067121145
2022-03-10,127.2140004676202
2022-03-11,126.6700986889381
2022-03-12,126.90849813458271
2022-03-13,123.40026449097543
2022-03-14,127.11650053830746
2022-03-15,126.72287575785957
2022-03-16,131.71054287181448
2022-03-17,132.41154248253613
2022-03-18,135.02130697093557
2022-03-19,136.45059255880847
2022-03-20,133.08252661429196
2022-03-21,134.93737326013175
2022-03-22,138.0741788692127
2022-03-23,141.32347233570593
2022-03-24,144.31966816307985
2022-03-25,141.4431876501251
2022-03-26,144.1502591640693
2022-03-27,152.59789306923065
2022-03-28,152.47573854983114
2022-03-29,154.8322118741736
2022-03-30,157.02483889327905
2022-03-31,152.54292393520257
2022-04-01,157.82185575768912
2022-04-02,154.6346362136855
2022-04-03,160.05285879541754
2022-04-04,158.50273867841605
2022-04-05,160.5837314519944
2022-04-06,146.89223772691318
2022-04-07,151.56754715535607
2022-04-08,146.28261318960313
2022-04-09,148.5398212204444
2022-04-10,146.9995629058687
2022-04-11,135.567849776175
2022-04-12,141.1040849464575
2022-04-13,143.73020801035372
2022-04-14,141.27974245297025
2022-04-15,143.38358772075054
2022-04-16,144.58533138056112
2022-04-17,140.16317605263603
2022-04-18,142.6935148272001
2022-04-19,145.18184044961316
2022-04-20,143.2604574302351
2022-04-21,140.9351397302824
2022-04-22,140.6884441005436
2022-04-23,138.9721709826674
2022-04-24,137.6563441549558
2022-04-25,142.75489895642693
2022-04-26,133.2744532927095
2022-04-27,135.7664068929226
2022-04-28,138.50603762075522
2022-04-29,134.05900495732322
2022-04-30,126.69893616214597
2022-05-01,132.31627356290932
2022-05-02,131.01048038955975
2022-05-03,130.19963412002718
2022-05-04,139.38444797643277
2022-05-05,128.91741179669543
2022-05-06,130.51932364521159
2022-05-07,126.13416719173875
2022-05-08,123.76498584094605
2022-05-09,104.03728163116673
2022-05-10,109.52775238886905
2022-05-11,91.38190677472514
2022-05-12,89.16530523937227
2022-05-13,96.32232244478797
2022-05-14,97.90753580087353
2022-05-15,102.53859952767206
2022-05-16,97.02860545842941
2022-05-17,100.13121238302749
2022-05-18,93.05850117865639
2022-05-19,98.63217622826748
2022-05-20,96.21587139562754
2022-05-21,98.92624359485747
2022-05-22,101.80524879354446
2022-05-23,99.6464164118741
2022-05-24,102.83609011390561
2022-05-25,102.03400636792396
2022-05-26,96.14410735940359
2022-05-27,94.72296498661018
2022-05-28,97.02321369092
2022-05-29,97.15753269667783
2022-05-30,103.17179627073332
2022-05-31,102.85012802771008
2022-06-01,96.56257965068207
2022-06-02,99.11245634447549
2022-06-03,95.66532929829474
2022-06-04,97.49749662356398
2022-06-05,97.41139355243423
2022-06-06,97.86056080360908
2022-06-07,97.73875625394196
2022-06-08,96.91300506639116
2022-06-09,98.09153086596613
2022-06-10,94.16818716872528
2022-06-11,87.38256832561716
2022-06-12,82.41598009869577
2022-06-13,72.06393105837338
2022-06-14,73.38447746435227
2022-06-15,78.76527727779377
2022-06-16,70.3989370277025
2022-06-17,72.10970285422
2022-06-18,67.14749120731707
2022-06-19,73.33012505074377
2022-06-20,74.2569742860312
2022-06-21,76.38700905821172
2022-06-22,73.81234640415238
2022-06-23,77.87416597883366
2022-06-24,81.5337820508059
2022-06-25,81.50759607295205
2022-06-26,80.1854941038689
2022-06-27,79.86176176019382
2022-06-28,76.7732422205729
2022-06-29,75.59677261615802
2022-06-30,75.06193067280492
2022-07-01,74.09615622891212
2022-07-02,74.83650798534704
2022-07-03,75.19103047311324
2022-07-04,78.66696751027662
2022-07-05,77.98092002466498
2022-07-06,79.67825871560991
2022-07-07,81.49034423404244
2022-07-08,80.6150746648999
2022-07-09,81.49528955024175
2022-07-10,78.43358135909831
2022-07-11,74.98735970127304
2022-07-12,73.43911515423221
2022-07-13,76.35958543641561
2022-07-14,78.10186749920565
2022-07-15,78.2781760279844
2022-07-16,81.2759389789984
2022-07-17,80.52235289312945
2022-07-18,86.1774669943043
2022-07-19,87.53890532850222
2022-07-20,84.55505166214252
2022-07-21,86.11273369590106
2022-07-22,84.60641371251796
2022-07-23,84.30051988898492
2022-07-24,85.15529540795922
2022-07-25,79.27500157594508
2022-07-26,80.01301303365229
2022-07-27,86.4720906870486
2022-07-28,88.98842223945857
2022-07-29,93.02111453537043
2022-07-30,94.31579971301295
2022-07-31,94.64501692788446
2022-08-01,93.98026026133317
2022-08-02,92.22609396755422
2022-08-03,94.68901803412726
2022-08-04,97.3343467964773
2022-08-05,99.91042677060898
2022-08-06,100.49892779390896
2022-08-07,102.3161301504753
2022-08-08,103.48546520835065
2022-08-09,102.66965666428582
2022-08-10,104.73440430056503
2022-08-11,103.78714739983667
2022-08-12,105.73120359825023
2022-08-13,104.43680260260035
2022-08-14,104.70062726023357
2022-08-15,103.90776963458939
2022-08-16,105.12098131505354
2022-08-17,100.94783012511742
2022-08-18,97.06478377252527
2022-08-19,89.62555366783593
2022-08-20,90.61587738804954
2022-08-21,94.30701472035335
2022-08-22,93.57670499458557
2022-08-23,93.95331324934757
2022-08-24,92.85867706299231
2022-08-25,94.13211445295599
2022-08-26,86.77357595820847
2022-08-27,86.94897583918171
2022-08-28,85.37327036768828
2022-08-29,89.03307509462003
2022-08-30,87.28270647650328
2022-08-31,86.89627428657664
2022-09-01,87.48497966814617
2022-09-02,87.19409746630903
2022-09-03,88.16815065705623
2022-09-04,88.82019202993946
2022-09-05,88.5189144114081
2022-09-06,83.2679253303713
2022-09-07,87.60622893432429
2022-09-08,88.39168708098865
2022-09-09,92.69552865644614
2022-09-10,93.89951712134143
2022-09-11,93.5009298532694
2022-09-12,92.95264859459076
2022-09-13,87.30856235336461
2022-09-14,88.50805983021695
2022-09-15,86.35903016533321
2022-09-16,87.67044811936421
2022-09-17,89.83735051802478
2022-09-18,84.69043445486169
2022-09-19,85.81096261494439
2022-09-20,83.81364373226214
2022-09-21,82.91115292252177
2022-09-22,86.33333764486636
2022-09-23,88.14412709966807
2022-09-24,87.96003928169606
2022-09-25,87.86510190669429
2022-09-26,88.21678400701853
2022-09-27,87.76974233362048
2022-09-28,89.17232549204046
2022-09-29,89.78762083743179
2022-09-30,89.42690279796199
2022-10-01,88.38319090419614
2022-10-02,87.80737871962914
2022-10-03,89.0872592721966
2022-10-04,92.76289460309577
2022-10-05,92.39793587687714
2022-10-06,90.37641231120081
2022-10-07,89.45874077892395
2022-10-08,87.74480333512741
2022-10-09,88.53651986431197
2022-10-10,86.17997342315437
2022-10-11,85.65861226426762
2022-10-12,85.58536186041343
2022-10-13,85.39216461087257
2022-10-14,84.83088838380804
2022-10-15,84.48994225444017
2022-10-16,85.72733557833675
2022-10-17,86.96483303566372
2022-10-18,85.95043011237263
2022-10-19,84.70079958582329
2022-10-20,84.22682105315417
2022-10-21,84.52616846119741
2022-10-22,84.7647945673462
2022-10-23,86.42647250755388
2022-10-24,85.35672911178223
2022-10-25,88.57815742657765
2022-10-26,92.04944970927605
2022-10-27,91.69088028088179
2022-10-28,95.48753884732568
2022-10-29,104.4913307238955
2022-10-30,105.52728337265485
2022-10-31,109.28698589060723
2022-11-01,110.4603195308966
2022-11-02,106.95714235811049
2022-11-03,109.51046208401765
2022-11-04,117.34388204994197
2022-11-05,116.0165160163018
2022-11-06,111.22894869858852
2022-11-07,111.63202867681127
2022-11-08,102.37676269194091
2022-11-09,85.02341068158218
2022-11-10,97.37734999913305
2022-11-11,93.1699797781135
2022-11-12,90.51212643132723
2022-11-13,88.06457334995304
2022-11-14,88.8686716502536
2022-11-15,89.26354831931357
2022-11-16,87.60041990759167
2022-11-17,86.78495377194014
2022-11-18,87.86929029844352
2022-11-19,87.8159393898411
2022-11-20,83.81163546727056
2022-11-21,82.10412522355757
2022-11-22,86.01000998819534
2022-11-23,92.98407063463625
2022-11-24,93.74250514930785
2022-11-25,95.01913789251857
2022-11-26,97.38594617592638
2022-11-27,97.98200130104486
2022-11-28,95.4940815435923
2022-11-29,97.27439251268639
2022-11-30,99.95326547754343
2022-12-01,97.50958764649215
2022-12-02,98.21156674648091
2022-12-03,96.17199500668076
2022-12-04,97.69293053411894
2022-12-05,96.21285806411002
2022-12-06,96.2861687929753
2022-12-07,93.59823624122205
2022-12-08,95.65110065568366
2022-12-09,94.38727139871008
2022-12-10,94.64242609914612
2022-12-11,92.90158422872103
2022-12-12,90.91699803819606
2022-12-13,90.91869675441275
2022-12-14,89.59260241832264
2022-12-15,86.57668404256695
2022-12-16,77.1173252428273
2022-12-17,80.51779812065021
2022-12-18,81.41141398069213
2022-12-19,77.59757737711548
2022-12-20,81.0777190491758
2022-12-21,79.77724234263731
2022-12-22,80.45663541041652
2022-12-23,80.19352006414539
2022-12-24,79.96145560291339
2022-12-25,79.63030051158096
2022-12-26,79.93363762331886
2022-12-27,79.84251513425373
2022-12-28,78.296622774932
2022-12-29,78.62009105862327
2022-12-30,77.82559029616787
2022-12-31,78.5390492189011
2023-01-01,78.49795225248491
2023-01-02,79.19043651703468
2023-01-03,78.85330010542384
2023-01-04,82.42189532976539
2023-01-05,81.0665613781755
2023-01-06,81.88352914372
2023-01-07,82.17714403707849
2023-01-08,85.37198163577884
2023-01-09,86.52613509687555
2023-01-10,87.77579296473797
2023-01-11,89.63925838524837
2023-01-12,90.99309928764396
2023-01-13,93.87654929880777
2023-01-14,98.47832890908131
2023-01-15,97.32018772710707
2023-01-16,96.11579929490529
2023-01-17,96.45659121760505
2023-01-18,91.83026348761153
2023-01-19,94.18554839027023
2023-01-20,98.5832102784619
2023-01-21,97.28445325571198
2023-01-22,99.49833553252361
2023-01-23,100.22759022579422
2023-01-24,96.8278129969395
2023-01-25,100.0106062639756
2023-01-26,99.94855132046847
2023-01-27,101.23988843820385
2023-01-28,100.48132532035417
2023-01-29,103.62330954929081
2023-01-30,99.74662864387203
2023-01-31,102.28539578947705
2023-02-01,104.23574287843896
2023-02-02,104.28402833021195
2023-02-03,106.94475811709951
2023-02-04,106.76665782570278
2023-02-05,104.84915056594463
2023-02-06,103.13419452766644
2023-02-07,106.95283777392517
2023-02-08,105.48769716180242
2023-02-09,98.26098690483028
2023-02-10,98.23723564847863
2023-02-11,99.93564287088543
2023-02-12,99.62678898036532
2023-02-13,96.35529450666505
2023-02-14,97.64090456187198
2023-02-15,104.46619148656715
2023-02-16,100.35997217022228
2023-02-17,107.33775684704561
2023-02-18,108.63557798558732
2023-02-19,108.40731319191795
2023-02-20,109.67882121099973
2023-02-21,106.9558350654862
2023-02-22,107.22317570526053
2023-02-23,106.50146290788643
2023-02-24,102.45869190925677
2023-02-25,102.1958119488981
2023-02-26,104.34212562662319
2023-02-27,102.93896781889667
2023-02-28,101.54080553450584
2023-03-01,103.7438949450826
2023-03-02,101.9854287810469
2023-03-03,97.82264486575042
2023-03-04,96.59972932957416
2023-03-05,97.04140385235509
2023-03-06,96.7336447228299
2023-03-07,96.53189540512248
2023-03-08,94.56984684788692
2023-03-09,89.70553002679117
2023-03-10,89.46703484488415
2023-03-11,89.54304781038903
2023-03-12,95.00916495536987
2023-03-13,100.37740736078655
2023-03-14,101.65731268916466
2023-03-15,97.82698989999028
2023-03-16,102.87676124270887
2023-03-17,107.55000144609116
2023-03-18,103.97254735501583
2023-03-19,106.30650563426931
2023-03-20,103.8456539984681
2023-03-21,106.77881126835734
2023-03-22,101.93844346456359
2023-03-23,106.11709596812274
2023-03-24,102.65331889744941
2023-03-25,102.12585660373881
2023-03-26,104.1478894666683
2023-03-27,99.4060010196096
2023-03-28,100.55007770706524
2023-03-29,102.16065682610534
2023-03-30,101.88411551653209
2023-03-31,103.56615628726375
2023-04-01,104.66362560121514
2023-04-02,102.61524150852055
2023-04-03,105.03154027666633
2023-04-04,105.67996328518197
2023-04-05,105.86659809010368
2023-04-06,103.94574422513216
2023-04-07,103.52048008807952
2023-04-08,103.00729702702145
2023-04-09,103.95888315122438
2023-04-10,106.18713855565355
2023-04-11,106.58395944242294
2023-04-12,105.2060362610366
2023-04-13,107.69179555193759
2023-04-14,109.62049204197845
2023-04-15,111.01098736040022
2023-04-16,114.32318422063206
2023-04-17,112.68142125899763
2023-04-18,114.89118543426402
2023-04-19,107.61472606302416
2023-04-20,105.25925043920455
2023-04-21,103.61867539125484
2023-04-22,106.17164289199222
2023-04-23,105.42408784723092
2023-04-24,105.41209614644603
2023-04-25,107.3586356315759
2023-04-26,105.01169956024607
2023-04-27,106.0504153853529
2023-04-28,104.98426484171337
2023-04-29,105.39762203703881
2023-04-30,107.19790021352404
2023-05-01,105.12111765958218
2023-05-02,104.21896873170222
2023-05-03,105.5192942970047
2023-05-04,104.51284458417477
2023-05-05,106.16366496822585
2023-05-06,103.73782357699962
2023-05-07,103.23609390619772
2023-05-08,99.4914963650858
2023-05-09,99.33636891638378
2023-05-10,99.9988569205292
2023-05-11,97.45957888563649
2023-05-12,98.55823147630701
2023-05-13,98.54504569495766
2023-05-14,98.97682905248404
2023-05-15,99.55756429892048
2023-05-16,99.355337716205
2023-05-17,100.74941491941794
2023-05-18,98.9537273456546
2023-05-19,98.91758591766676
2023-05-20,99.54182807421975
2023-05-21,98.41639027563748
2023-05-22,99.71726843973794
2023-05-23,100.60001799284551
2023-05-24,98.17102375895305
2023-05-25,97.79495483945036
2023-05-26,98.23646151181106
2023-05-27,99.18302588257687
2023-05-28,101.29816802143117
2023-05-29,100.58729499146371
2023-05-30,100.68562915878674
2023-05-31,99.04893510711479
2023-06-01,98.32995656999051
2023-06-02,100.64746692026137
2023-06-03,100.16385004311299
2023-06-04,99.58941466370197
2023-06-05,91.49122034408036
2023-06-06,93.7818728532367
2023-06-07,87.86939768832106
2023-06-08,88.69312855027886
2023-06-09,88.0235140287241
2023-06-10,79.91272275193798
2023-06-11,79.00974909751535
2023-06-12,78.43601313070099
2023-06-13,81.41607101489029
2023-06-14,79.65544687400467
2023-06-15,79.93027332050264
2023-06-16,80.59948007808757
2023-06-17,81.68634702001106
2023-06-18,81.11004990408004
2023-06-19,80.82853326338254
2023-06-20,82.3821877546021
2023-06-21,84.30007527598356
2023-06-22,82.68545467773292
2023-06-23,85.21689852372887
2023-06-24,83.34358003700059
2023-06-25,84.21612707613312
2023-06-26,82.95197205119794
2023-06-27,83.78947710466262
2023-06-28,80.7243493613968
2023-06-29,81.70294736409222
2023-06-30,84.81524322400469
2023-07-01,87.3116885727518
2023-07-02,86.89083523241275
2023-07-03,88.28223340438001
2023-07-04,87.17246249572769
2023-07-05,85.80724078164471
2023-07-06,83.33009397919557
2023-07-07,84.43191178744974
2023-07-08,84.74438757700173
2023-07-09,83.93767597813844
2023-07-10,86.16809395125979
2023-07-11,86.68894281175056
2023-07-12,85.85135364242508
2023-07-13,92.0320376879359
2023-07-14,89.201496418798
2023-07-15,90.47355883895952
2023-07-16,87.59602279400586
2023-07-17,89.09015628940563
2023-07-18,87.42533050083735
2023-07-19,87.92185790323154
2023-07-20,91.19415120126739
2023-07-21,91.6789819242341
2023-07-22,90.44785300958004
2023-07-23,91.18185511966263
2023-07-24,90.17181925665865
2023-07-25,90.87208622835047
2023-07-26,91.01187061860423
2023-07-27,91.82227000425344
2023-07-28,92.01473755144387
2023-07-29,92.57119355990982
2023-07-30,91.19276839033624
2023-07-31,90.53857781064222
2023-08-01,92.11411753786876
2023-08-02,89.29159724027242
2023-08-03,88.73200152832955
2023-08-04,88.72072494916905
2023-08-05,89.67283869311682
2023-08-06,89.20954469529896
2023-08-07,89.111619455875
2023-08-08,90.40717383908574
2023-08-09,90.63792136096727
2023-08-10,90.08953196770368
2023-08-11,89.48683213346756
2023-08-12,89.7761244011882
2023-08-13,89.17506603255129
2023-08-14,89.30899574649396
2023-08-15,86.74277615892646
2023-08-16,84.22755244022152
2023-08-17,78.84412146930775
2023-08-18,78.82165356171464
2023-08-19,79.31664682054132
2023-08-20,79.51755675592594
2023-08-21,77.69613053508456
2023-08-22,77.61169829322462
2023-08-23,79.6686150191874
2023-08-24,79.13243186740156
2023-08-25,78.90166389595538
2023-08-26,78.53760106498412
2023-08-27,79.12330619144115
2023-08-28,79.18996339591335
2023-08-29,82.01798791877674
2023-08-30,80.52647062407175
2023-08-31,78.38264199256533
2023-09-01,77.7896845789598
2023-09-02,78.06559368606604
2023-09-03,78.06865063220646
2023-09-04,78.25057389068502
2023-09-05,78.60990801693634
2023-09-06,79.10904589016786
2023-09-07,79.65747282050047
2023-09-08,78.96251042578561
2023-09-09,78.68343215714442
2023-09-10,77.33487197216803
2023-09-11,75.34405848313865
2023-09-12,77.07592983380674
2023-09-13,77.78381928405089
2023-09-14,78.42522891465411
2023-09-15,79.55039107065558
2023-09-16,79.37195518764103
2023-09-17,79.3085787426781
2023-09-18,80.13789663014605
2023-09-19,81.15083534216178
2023-09-20,80.61970652082104
2023-09-21,78.8781760708292
2023-09-22,79.46344901777456
2023-09-23,79.80711485549286
2023-09-24,78.80935434466886
2023-09-25,80.10320525951984
2023-09-26,80.24854891906587
2023-09-27,80.72351391658258
2023-09-28,82.12897299873835
2023-09-29,82.7771262801931
2023-09-30,83.00395229009744
2023-10-01,84.01176569327491
2023-10-02,81.79548796303912
2023-10-03,81.54141998030956
2023-10-04,81.82194165548779
2023-10-05,80.670778439302
2023-10-06,81.69868010299514
2023-10-07,81.55384714235147
2023-10-08,81.43730936819411
2023-10-09,78.71750201695781
2023-10-10,79.2678638187611
2023-10-11,78.8761078888065
2023-10-12,78.16273748715591
2023-10-13,78.56998369906488
2023-10-14,79.05506299002377
2023-10-15,79.91287426375868
2023-10-16,81.54148483316095
2023-10-17,80.25612411204115
2023-10-18,79.96556711227936
2023-10-19,80.15914311502574
2023-10-20,81.14525367229827
2023-10-21,84.1380512779258
2023-10-22,86.64582658015675
2023-10-23,91.58071467255665
2023-10-24,90.56502564898322
2023-10-25,91.066309282265
2023-10-26,91.76762205525706
2023-10-27,91.41901338317764
2023-10-28,91.94271542733053
2023-10-29,92.67819214493174
2023-10-30,93.34169109445945
2023-10-31,92.89725175879794
2023-11-01,94.12272725719063
2023-11-02,94.24696271760105
2023-11-03,94.17008777476093
2023-11-04,96.06911081614035
2023-11-05,99.12959375642554
2023-11-06,103.71828639836886
2023-11-07,101.1218428810811
2023-11-08,104.28218183036019
2023-11-09,104.6971112140802
2023-11-10,106.79881298231632
2023-11-11,108.8110168913916
2023-11-12,108.19447531108587
2023-11-13,104.20065107251727
2023-11-14,102.67219946528621
2023-11-15,108.09968935485342
2023-11-16,104.28725988859672
2023-11-17,105.84930350444967
2023-11-18,104.78838698339287
2023-11-19,106.82909929796325
2023-11-20,106.89899276245576
2023-11-21,97.28369424113218
2023-11-22,101.89022211665022
2023-11-23,101.69758712396694
2023-11-24,102.45673638709893
2023-11-25,103.86711905320773
2023-11-26,102.90271235544374
2023-11-27,100.61493502113451
2023-11-28,101.98395984264309
2023-11-29,101.21209777817545
2023-11-30,101.63574051812401
2023-12-01,102.67431571962332
2023-12-02,104.59017066052421
2023-12-03,103.77106572257209
2023-12-04,106.53524499419389
2023-12-05,106.47903723272097
2023-12-06,105.73538119496423
2023-12-07,107.66325904039404
2023-12-08,111.8186429842357
2023-12-09,110.20555819502837
2023-12-10,111.48937105488771
2023-12-11,109.17640346612039
2023-12-12,110.78541541568539
2023-12-13,111.2400202215395
2023-12-14,112.92403763675046
2023-12-15,108.24973011331845
2023-12-16,110.42870250163162
2023-12-17,107.55934710730737
2023-12-18,108.45438200541756
2023-12-19,109.97345326216535
2023-12-20,112.63985923892164
2023-12-21,117.58983295237712
2023-12-22,117.98970064893906
2023-12-23,118.2171871674139
2023-12-24,115.90661958782061
2023-12-25,117.46826961047284
2023-12-26,123.25353736218638
2023-12-27,131.8887055713175
2023-12-28,131.35867047546046
2023-12-29,127.74337955791034
2023-12-30,128.2733794841669
2023-12-31,128.43038191866648
2024-01-01,131.09664853139267
2024-01-02,129.45592260737598
2024-01-03,125.92653081487936
2024-01-04,128.75390883869426
2024-01-05,125.67669500364049
2024-01-06,121.90261010311461
2024-01-07,119.36084814136744
2024-01-08,122.30258746633619
2024-01-09,119.73920101197359
2024-01-10,124.11277975690078
2024-01-11,126.22013627763556
2024-01-12,120.82074200485938
2024-01-13,123.37063701269236
2024-01-14,122.35820656462883
2024-01-15,127.1012256465849
2024-01-16,126.53416364092838
2024-01-17,125.4866321652164
2024-01-18,124.25816796699976
2024-01-19,126.31876136026018
2024-01-20,128.8270734184051
2024-01-21,127.79733603094354
2024-01-22,122.33267684753649
2024-01-23,119.51424693683863
2024-01-24,118.88695868775588
2024-01-25,118.09022797265524
2024-01-26,121.95643415248469
2024-01-27,123.02498624164426
2024-01-28,122.48239402023376
2024-01-29,125.20409927117791
2024-01-30,124.28899934426508
2024-01-31,122.10449422564996
2024-02-01,124.5764984042545
2024-02-02,125.60740925840526
2024-02-03,125.15319458196473
2024-02-04,126.56187850603804
2024-02-05,126.81039365613093
2024-02-06,126.85058236965065
2024-02-07,129.37838286746063
2024-02-08,131.18218840375013
2024-02-09,133.61564904511005
2024-02-10,133.91146280842582
2024-02-11,134.2553330483603
2024-02-12,136.86838308485153
2024-02-13,135.53545523812735
2024-02-14,139.60821423464168
2024-02-15,144.50551658850196
2024-02-16,145.68968158900768
2024-02-17,144.88907850218942
2024-02-18,144.71127964626766
2024-02-19,148.10691186153082
2024-02-20,148.16005943051775
2024-02-21,151.64926852122437
2024-02-22,152.9152448223696
2024-02-23,151.21453633948474
2024-02-24,153.82644445322572
2024-02-25,155.55056745243454
2024-02-26,160.05108610471055
2024-02-27,160.3443812391256
2024-02-28,170.04623153489598
2024-02-29,166.9849587744587
2024-03-01,174.7833325041475
2024-03-02,179.3989921891686
2024-03-03,182.94701278895872
2024-03-04,188.52065007625464
2024-03-05,174.09923251916297
2024-03-06,186.25121566861117
2024-03-07,196.9965370853483
2024-03-08,202.8666072241711
2024-03-09,205.5054580230158
2024-03-10,214.65551516717585
2024-03-11,215.507270310485
2024-03-12,214.76509554157315
2024-03-13,234.78378774557518
2024-03-14,230.4762444346906
2024-03-15,230.15356915837066
2024-03-16,210.42291979440398
2024-03-17,213.62982346567313
2024-03-18,206.65334746437003
2024-03-19,188.09657102189053
2024-03-20,208.17802599221363
2024-03-21,208.89884283308007
2024-03-22,206.66700645333603
2024-03-23,208.22257137601315
2024-03-24,215.92530924885256
2024-03-25,221.93880913085053
2024-03-26,223.08105296668802
2024-03-27,221.43517963922017
2024-03-28,228.690057276224
2024-03-29,234.19886183021165
2024-03-30,229.455332887933
2024-03-31,235.5896777383978
2024-04-01,224.0984486736577
2024-04-02,212.02212367847065
2024-04-03,212.61689553213404
2024-04-04,219.0516593499778
2024-04-05,215.86333926823724
2024-04-06,219.858128320219
2024-04-07,223.0624601633369
2024-04-08,225.8875261810852
2024-04-09,219.49809248684033
2024-04-10,226.87088292018072
2024-04-11,224.37094527037598
2024-04-12,210.98516687398325
2024-04-13,192.56843124348237
2024-04-14,199.7646696902098
2024-04-15,195.2423136228529
2024-04-16,191.41357866133356
2024-04-17,187.61373055463517
2024-04-18,193.75472937953103
2024-04-19,195.62016536982205
2024-04-20,203.28448039684156
2024-04-21,203.95161227515774
2024-04-22,210.5791656729529
2024-04-23,209.77660613560874
2024-04-24,206.17751604031514
2024-04-25,207.92866844974822
2024-04-26,204.46548642926456
2024-04-27,203.36519484840625
2024-04-28,203.22744000262685
2024-04-29,201.506484877257
2024-04-30,194.11349014879784
2024-05-01,191.13631926864866
2024-05-02,192.77137740488425
2024-05-03,202.14307986732766
2024-05-04,205.21505877508918
2024-05-05,206.75668984177995
2024-05-06,204.76378348050594
2024-05-07,200.1198069944029
2024-05-08,200.68264123252354
2024-05-09,205.76189045868188
2024-05-10,200.18458075063683
2024-05-11,200.38211217868027
2024-05-12,201.12889148360225
2024-05-13,201.5408968809611
2024-05-14,194.76483733371578
2024-05-15,202.95246967624826
2024-05-16,202.4492847749619
2024-05-17,207.61550764773307
2024-05-18,206.77566942417218
2024-05-19,204.25797090515053
2024-05-20,216.07344420197987
2024-05-21,219.53918166863141
2024-05-22,216.36534202780558
2024-05-23,210.85665217627061
2024-05-24,213.2635162960786
2024-05-25,216.20871632655764
2024-05-26,213.0617562369751
2024-05-27,218.0057454546178
2024-05-28,215.62984989999495
2024-05-29,213.77210851660328
2024-05-30,212.22872379116637
2024-05-31,212.47816730491257
2024-06-01,214.40319980404396
2024-06-02,214.13182632814753
2024-06-03,217.65819344850578
2024-06-04,230.3680825010601
2024-06-05,233.4462018232067
2024-06-06,233.67315012462888
2024-06-07,224.52664614738848
2024-06-08,223.35429976514823
2024-06-09,223.2782000859689
2024-06-10,212.3687201672975
2024-06-11,203.9042149587995
2024-06-12,211.41955116454585
2024-06-13,204.35212595250437
2024-06-14,202.0556028071513
2024-06-15,203.67480857615743
2024-06-16,205.06153534269086
2024-06-17,200.11160426407724
2024-06-18,192.67082035478472
2024-06-19,195.5256935626877
2024-06-20,193.86491280833633
2024-06-21,192.99618228421176
2024-06-22,193.19821443030548
2024-06-23,189.4491024346069
2024-06-24,188.23993671129296
2024-06-25,193.5220451622698
2024-06-26,191.0577429857243
2024-06-27,194.7638134583121
2024-06-28,189.77075865266187
2024-06-29,189.7286532822244
2024-06-30,194.43356847272858
2024-07-01,193.4465148093113
2024-07-02,194.8230669357492
2024-07-03,186.63038801565514
2024-07-04,172.39144302781412
2024-07-05,168.2994081633711
2024-07-06,179.31767901916106
2024-07-07,166.80398770747348
2024-07-08,173.57411335186492
2024-07-09,174.88378527572883
2024-07-10,176.8115712030159
2024-07-11,176.4416123393739
2024-07-12,179.51453257490323
2024-07-13,181.7920141823188
2024-07-14,185.39770161964762
2024-07-15,197.86865147950144
2024-07-16,195.4919926589548
2024-07-17,192.44788863495847
2024-07-18,191.708948622867
2024-07-19,198.98306814358872
2024-07-20,201.65188095625734
2024-07-21,205.68877277109456
2024-07-22,199.73487595360885
2024-07-23,197.06741889853126
2024-07-24,193.54610514186683
2024-07-25,191.180720217778
2024-07-26,198.18637803590855
2024-07-27,197.488211981076
2024-07-28,196.7871710117858
2024-07-29,195.11965590506054
2024-07-30,195.007610572344
2024-07-31,190.50978569793722
2024-08-01,189.53789299069643
2024-08-02,178.24833355881555
2024-08-03,174.25165781251752
2024-08-04,165.20208115555187
2024-08-05,152.6531831331437
2024-08-06,158.9815738739702
2024-08-07,155.353652681715
2024-08-08,170.73126024973803
2024-08-09,167.9597032803828
2024-08-10,170.93643894687972
2024-08-11,163.95687368138977
2024-08-12,170.34138402921047
2024-08-13,171.21680567903252
2024-08-14,169.64595823185468
2024-08-15,167.49749504649745
2024-08-16,167.95463037218067
2024-08-17,172.73980374880745
2024-08-18,170.11565238136944
2024-08-19,176.72763794072938
2024-08-20,181.10631224374708
2024-08-21,184.2227215496095
2024-08-22,187.63172458930134
2024-08-23,193.90062189637564
2024-08-24,192.62783950174878
2024-08-25,190.74218620566546
2024-08-26,183.15999023979862
2024-08-27,176.2272790880236
2024-08-28,176.67215678307727
2024-08-29,176.47295409263427
2024-08-30,177.07897933006407
2024-08-31,175.74403944609693
2024-09-01,168.1262363168963
2024-09-02,172.80133234877562
2024-09-03,168.85778605974613
2024-09-04,167.46415767938186
2024-09-05,165.62887673043832
2024-09-06,159.90144022676944
2024-09-07,163.44480943882658
2024-09-08,166.52367218098306
2024-09-09,172.6494529304418
2024-09-10,172.36498996267076
2024-09-11,173.69353134121477
2024-09-12,177.50355445933894
2024-09-13,182.3800489785564
2024-09-14,180.5598699779316
2024-09-15,178.2846437229824
2024-09-16,173.15649843368783
2024-09-17,176.15702087512406
2024-09-18,180.06320898482028
2024-09-19,183.0811893016779
2024-09-20,184.5059795205512
2024-09-21,189.83127765138
2024-09-22,187.25904844020098
2024-09-23,191.35918948146434
2024-09-24,194.23186649166675
2024-09-25,190.63257333281533
2024-09-26,196.76981898580698
2024-09-27,201.00059184354237
2024-09-28,201.42394201842495
2024-09-29,198.53563281889643
2024-09-30,188.36000941378506
2024-10-01,180.00284192406338
2024-10-02,177.69965293803753
2024-10-03,178.49039164312754
2024-10-04,182.6540676345506
2024-10-05,184.13184339634958
2024-10-06,186.3358580441272
2024-10-07,184.4608822887183
2024-10-08,186.25847424300778
2024-10-09,183.57948798812131
2024-10-10,181.74851958272828
2024-10-11,185.91882981230816
2024-10-12,187.4241122463152
2024-10-13,185.71906678141855
2024-10-14,192.27909637561845
2024-10-15,193.43428847358035
2024-10-16,196.12180072584002
2024-10-17,194.43998705068645
2024-10-18,199.02180999901427
2024-10-19,200.01245656992776
2024-10-20,203.05379006165842
2024-10-21,201.2600257573855
2024-10-22,200.03294469526043
2024-10-23,195.6615112999811
2024-10-24,200.07384434515467
2024-10-25,191.45839778887984
2024-10-26,194.58853870198132
2024-10-27,197.37151383918575
2024-10-28,203.74598813477607
2024-10-29,209.64898355116037
2024-10-30,208.38981639824246
2024-10-31,200.15218135172447
2024-11-01,198.37493831446687
2024-11-02,196.9695720268482
2024-11-03,192.06511823431399
2024-11-04,190.47092096498628
2024-11-05,196.57202538782755
2024-11-06,211.61466122594564
2024-11-07,213.33730629797546
2024-11-08,218.1237452728267
2024-11-09,226.90877649311065
2024-11-10,239.3881016426553
2024-11-11,257.9197190183564
2024-11-12,254.16737433444777
2024-11-13,251.08527081362203
2024-11-14,245.2348727161949
2024-11-15,252.05049674071392
2024-11-16,256.8180261194715
2024-11-17,252.65665690412635
2024-11-18,258.3464051492667
2024-11-19,257.53941194863614
2024-11-20,251.51635333231775
2024-11-21,259.68075239124437
2024-11-22,271.1838947037004
2024-11-23,281.6178812585149
2024-11-24,285.9396264435325
2024-11-25,272.90952150760324
2024-11-26,266.5552956576802
2024-11-27,280.60043357912946
2024-11-28,281.5654833880076
2024-11-29,286.26108548081163
2024-11-30,290.7724215339868
2024-12-01,292.38138022760495
2024-12-02,305.45324527393143
2024-12-03,351.77104312501746
2024-12-04,350.53289330498376
2024-12-05,340.1248870943716
2024-12-06,352.11915481277987
2024-12-07,355.56847371362255
2024-12-08,358.2361310733679
2024-12-09,319.66520478359826
2024-12-10,314.27141524311185
2024-12-11,332.33518426390077
2024-12-12,341.9091946122616
2024-12-13,346.4583745371964
2024-12-14,340.3313731251166
2024-12-15,343.9275217494703
2024-12-16,343.46473056445024
2024-12-17,337.08304494484395
2024-12-18,315.0818855848725
2024-12-19,297.53963347525894
2024-12-20,301.7170944725164
2024-12-21,294.6765148951101
2024-12-22,289.31017547662213
2024-12-23,308.6934869403169
2024-12-24,314.86357867040954
2024-12-25,313.49667572215094
2024-12-26,301.8743094882197
2024-12-27,300.4971185219952
2024-12-28,311.50626668567674
2024-12-29,300.50185693835436
2024-12-30,301.50307429061326
2024-12-31,300.0784715133182
2025-01-01,307.04468673466556
2025-01-02,311.5961550531263
2025-01-03,323.93368859990085
2025-01-04,326.31782432609623
2025-01-05,324.10987913831417
2025-01-06,331.0903669239013
2025-01-07,308.91187122832844
2025-01-08,304.517142574612
2025-01-09,295.9545646423191
2025-01-10,302.3016072253409
2025-01-11,303.34136862651087
2025-01-12,299.69319180745566
2025-01-13,295.85046322750134
2025-01-14,303.74164697574423
2025-01-15,319.1066631330667
2025-01-16,318.14308772772733
2025-01-17,332.994361499876
2025-01-18,323.1251063873129
2025-01-19,308.1456497726022
2025-01-20,310.9949298289381
2025-01-21,319.87738675115077
2025-01-22,317.2038127241885
2025-01-23,315.5382318444815
2025-01-24,311.9661386664629
2025-01-25,313.15851086273716
2025-01-26,304.6671545003114
2025-01-27,305.21581534689534
2025-01-28,293.9500454405996
2025-01-29,298.606219855403
2025-01-30,306.44912561693656
2025-01-31,307.384272697581
2025-02-01,291.9245910833641
2025-02-02,266.698317313536
2025-02-03,271.3907857092016
2025-02-04,253.75010750931142
2025-02-05,249.417347173441
2025-02-06,247.93506934729768
2025-02-07,248.9000077841055
2025-02-08,259.1385338499325
2025-02-09,259.0966062078558
2025-02-10,263.38497103955615
2025-02-11,267.3731547169634
2025-02-12,283.7296873904874
2025-02-13,274.1712794284778
2025-02-14,275.69020694910955
2025-02-15,275.74056270509897
2025-02-16,277.361849820015
2025-02-17,275.24620695186474
2025-02-18,265.8616819123194
2025-02-19,269.09814774628813
2025-02-20,272.10627198338443
2025-02-21,263.4111528232769
2025-02-22,270.9745397227107
2025-02-23,268.45717337721857
2025-02-24,245.22816495615615
2025-02-25,247.49861089258744
2025-02-26,243.26850800221274
2025-02-27,242.70273403818223
2025-02-28,237.77761449867137
2025-03-01,242.92951587330188
2025-03-02,260.96242622252504
2025-03-03,233.25991818428858
2025-03-04,236.8930418094585
2025-03-05,245.43858228270994
2025-03-06,245.32363658644041
2025-03-07,242.1670529073875
2025-03-08,239.38872469233945
2025-03-09,220.1950078010513
2025-03-10,209.21999017058735
2025-03-11,216.4126037929752
2025-03-12,223.0443275830886
2025-03-13,222.44074550252665
2025-03-14,227.63322816166684
2025-03-15,236.40735534664466
2025-03-16,228.04759986024027
2025-03-17,238.67209190265402
2025-03-18,237.6414773823563
2025-03-19,241.07276831517507
2025-03-20,239.76496490948264
2025-03-21,238.78937294936097
2025-03-22,238.67129140265442
2025-03-23,239.1010118266752
2025-03-24,246.03098407058482
2025-03-25,247.07021376623337
2025-03-26,244.59137486786761
2025-03-27,248.80395423467027
2025-03-28,238.70612355418612
2025-03-29,231.01172340123225
2025-03-30,229.64079070775097
2025-03-31,231.55780255202237
2025-04-01,235.9583758439654
2025-04-02,225.78867523920806
2025-04-03,226.01412794260185
2025-04-04,229.51161714360393
2025-04-05,227.39333394383007
2025-04-06,208.58331360813318
2025-04-07,209.1119415967495
2025-04-08,205.38163647144418
2025-04-09,221.91113659248705
2025-04-10,217.02331013783112
2025-04-11,223.0033045650141
2025-04-12,229.01387362121312
2025-04-13,224.2799257739642
2025-04-14,223.49050160773257
2025-04-15,219.6168871550343
2025-04-16,220.39915398462452
2025-04-17,222.4976206730385
2025-04-18,223.1873996032259
2025-04-19,225.69506889911995
2025-04-20,226.37483585319202
2025-04-21,227.77971014443037
2025-04-22,239.72113475433878
2025-04-23,239.41130194259665
2025-04-24,239.74641426374785
2025-04-25,238.75267963821133
2025-04-26,241.1912823096645
2025-04-27,237.65816844505807
2025-04-28,239.72694962113476
2025-04-29,236.24282316369585
2025-04-30,235.17857362262478
2025-05-01,238.30407322826417
2025-05-02,238.58887640944587
2025-05-03,234.92737189244508
2025-05-04,230.13013233906668
2025-05-05,232.1021961674666
2025-05-06,233.47514465203713
2025-05-07,233.8405416681325
2025-05-08,252.30280210203242
2025-05-09,263.31476263218184
2025-05-10,276.1346800344861
2025-05-11,268.9047399893457
2025-05-12,270.92584403270183
2025-05-13,275.936934801904
2025-05-14,269.9102158418728
2025-05-15,263.99158889293165
2025-05-16,262.2312242574737
2025-05-17,257.7148738661427
2025-05-18,266.18233025161163
2025-05-19,263.23004189378105
2025-05-20,263.6185334446551
2025-05-21,271.54281107663024
2025-05-22,279.36396671498954
2025-05-23,264.1389464495327
2025-05-24,266.49202314023734
2025-05-25,267.2631239613794
2025-05-26,268.47583312941896
2025-05-27,273.186629469988
2025-05-28,271.096742905507
2025-05-29,265.23090682124456
2025-05-30,251.7636199409876
2025-05-31,252.94506097289675
2025-06-01,254.16174317193403
2025-06-02,256.1028807642422
2025-06-03,254.72206675910456
2025-06-04,253.39008462119125
2025-06-05,240.78869700692627
2025-06-06,245.91271977892083
2025-06-07,250.94158386299745
2025-06-08,250.05347915586694
2025-06-09,258.10568606109376
2025-06-10,264.4128020305372
2025-06-11,259.51927000032265
2025-06-12,250.67372648465923
2025-06-13,248.1582539948841
2025-06-14,244.9772398308922
2025-06-15,245.44117404074808
2025-06-16,246.47947701310716
2025-06-17,243.10279561765887
2025-06-18,242.8942535442777
2025-06-19,242.6759408084864
2025-06-20,237.92721562647245
2025-06-21,231.34403635413446
2025-06-22,225.7193436996881
2025-06-23,239.38907272698538
2025-06-24,241.94994706648978
2025-06-25,241.03451294112222
2025-06-26,238.14352034382028
2025-06-27,239.79200943313955
2025-06-28,242.36431534080086
2025-06-29,246.94495713155908
2025-06-30,245.02686215410097
2025-07-01,239.11370207190117
2025-07-02,247.91085947100743
2025-07-03,249.98065714624616
2025-07-04,243.3287960059186
2025-07-05,244.27128114612088
2025-07-06,248.72245875589306
2025-07-07,247.10091824852708
2025-07-08,249.4764257343556
2025-07-09,255.262685133164
2025-07-10,265.6600748047224
2025-07-11,268.39553668094374
2025-07-12,266.1527327484542
2025-07-13,269.38396236119223
2025-07-14,268.9563986585607
2025-07-15,270.55024993858706
2025-07-16,279.4011022096339
2025-07-17,287.3796558149649
2025-07-18,293.7727544779268
2025-07-19,296.5295092165827
2025-07-20,310.0616199271527
2025-07-21,312.6170699648091
2025-07-22,317.1070400592464
2025-07-23,303.5090698870985
2025-07-24,299.9505118199262
2025-07-25,305.6596208953961
2025-07-26,307.69136410764736
2025-07-27,322.01263611171396
2025-07-28,310.35826121358275
2025-07-29,307.28583609521047
2025-07-30,302.20089591271915
2025-07-31,295.23677616692765
2025-08-01,284.88601632314646
2025-08-02,277.0845467645132
2025-08-03,284.52897352912885
2025-08-04,293.7504139988771
2025-08-05,286.0278950614554
2025-08-06,291.74057483871707
2025-08-07,304.7223836047253
2025-08-08,311.2579328634572
2025-08-09,319.6152384602765
2025-08-10,320.4013369512534
2025-08-11,315.3855999284186
2025-08-12,330.9264129762136
2025-08-13,339.2347019484388
2025-08-14,327.5030966851275
2025-08-15,323.2473159579946
2025-08-16,328.5557444744504
2025-08-17,339.87418572061546
2025-08-18,334.2905489967684
2025-08-19,320.6436050328526
2025-08-20,339.98142327660895
2025-08-21,328.65688961851816
2025-08-22,353.95320542512366
2025-08-23,347.16377260900055
2025-08-24,343.428193547619
2025-08-25,322.1147902232029
2025-08-26,333.3062888296886
2025-08-27,329.7080838281672
2025-08-28,338.44043876901094
2025-08-29,328.68938726143574
2025-08-30,329.330926008365
2025-08-31,327.2890693201551
2025-09-01,322.30523694522446
2025-09-02,326.5649759142777
2025-09-03,329.92605399040207
2025-09-04,321.81213792342925
2025-09-05,324.7515251009418
2025-09-06,324.8572768330257
2025-09-07,334.3205619839955
2025-09-08,338.54660250427395
2025-09-09,339.140036435311
2025-09-10,344.7239986264842
2025-09-11,351.9946706564174
2025-09-12,362.9310005877321
2025-09-13,367.4072017315294
2025-09-14,361.1429302841667
2025-09-15,355.0415954079658
2025-09-16,363.8656961267759
2025-09-17,374.85340002536475
2025-09-18,374.6247320324087
2025-09-19,367.865594569877
2025-09-20,380.09565730705805
2025-09-21,378.118926412904
2025-09-22,357.9542176841377
2025-09-23,360.80633407777896
2025-09-24,362.24497318259995
2025-09-25,338.48302470353445
2025-09-26,347.6111112523731
2025-09-27,348.1468494839283
2025-09-28,356.3458170809578
2025-09-29,363.3350057409309
2025-09-30,356.9506067786699
2025-10-01,369.0105396237392
2025-10-02,386.2037670934855
2025-10-03,403.7978472535173
2025-10-04,392.3705338562955
2025-10-05,395.8661408438801
2025-10-06,414.61600274515877
2025-10-07,419.67076913644183
2025-10-08,424.8362241202056
2025-10-09,411.0557404765677
2025-10-10,348.59067095958113
2025-10-11,348.6786759036864
2025-10-12,390.2658169535147
2025-10-13,394.025868426555
2025-10-14,374.14793950867283
2025-10-15,359.97706073788083
2025-10-16,350.77725269175346
2025-10-17,334.19662244011914
2025-10-18,340.5584696314882
2025-10-19,347.5719718862008
2025-10-20,352.43970524743645
2025-10-21,340.2034529367274
2025-10-22,339.7970217385753
2025-10-23,350.946718492542
2025-10-24,349.13930601625026
2025-10-25,349.66186444789037
2025-10-26,358.9362322258986
2025-10-27,356.60616365097593
2025-10-28,345.97900601031046
2025-10-29,347.52106699034
2025-10-30,334.1008901965931
2025-10-31,339.39937328826363
2025-11-01,342.94243787494895
2025-11-02,342.4400189808674
2025-11-03,309.6288772106768
2025-11-04,296.91586661204593
2025-11-05,304.04901475191883
2025-11-06,307.0073800271455
2025-11-07,340.7220589874573
2025-11-08,336.0199932226238
2025-11-09,337.73536871177834
2025-11-10,337.3860999015426
2025-11-11,322.26586477428424
2025-11-12,319.7006794114324
2025-11-13,310.4837030312314
2025-11-14,302.7341864538053
2025-11-15,309.1279121202077
2025-11-16,304.7341407223743
2025-11-17,298.43068728500623
2025-11-18,306.9910373706918
2025-11-19,295.84631572657094
2025-11-20,285.9405703594226
2025-11-21,272.1533826822297
2025-11-22,272.16851022866354
2025-11-23,276.33001710732606
2025-11-24,283.8855974027146
2025-11-25,284.36223657064926
2025-11-26,291.69221791985655
2025-11-27,291.0750230440326
2025-11-28,288.44211696010404
2025-11-29,284.90756790446204
2025-11-30,284.7523211095691
2025-12-01,268.10591550406156
2025-12-02,285.44783259381165
2025-12-03,299.474478049645
2025-12-04,292.892176813899
2025-12-05,285.00783620945765
2025-12-06,287.31514891635965
2025-12-07,286.1538361414747
2025-12-08,288.5472209445552
2025-12-09,293.08619030334665
2025-12-10,288.85751834704365
2025-12-11,284.98879246733406
2025-12-12,280.782416975958
2025-12-13,284.2989883011424
2025-12-14,278.1029395978936
2025-12-15,271.4600239689776
2025-12-16,275.6592956174722
2025-12-17,265.2229992445474
2025-12-18,260.0883561625125
2025-12-19,271.7671555886899
2025-12-20,272.4777296208795
2025-12-21,271.74500582339687
2025-12-22,272.605593805825
2025-12-23,268.7185277060025
2025-12-24,267.67654617773104
2025-12-25,261.53893299417945
2025-12-26,262.54014281647187
2025-12-27,267.8676858871752
2025-12-28,270.4291704200524
2025-12-29,267.8925454883058
2025-12-30,270.22127017122256
2025-12-31,267.47438266848746
2026-01-01,275.04092665471984
2026-01-02,285.52144217515587
2026-01-03,285.95685063985513
2026-01-04,290.9164043185318
2026-01-05,297.16840353803195
2026-01-06,298.85229594648547
2026-01-07,291.8289152471473
2026-01-08,287.9447979379637
2026-01-09,287.9480793703922
2026-01-10,289.8068550503357
2026-01-11,288.22099886188397
2026-01-12,288.11731274006314
2026-01-13,303.50597648706537
2026-01-14,304.6629510258765
2026-01-15,297.6668363747014
2026-01-16,298.01463059721493
2026-01-17,300.8388182840874
2026-01-18,293.6063541348757
2026-01-19,288.06683704889963
2026-01-20,274.8863626561333
2026-01-21,277.2455104551622
2026-01-22,276.8320713753692
2026-01-23,276.8064222482543
2026-01-24,275.6452244310956
2026-01-25,267.23566142484293
2026-01-26,272.39007211671196
2026-01-27,276.9691434756282
2026-01-28,276.7361114384603
2026-01-29,264.57399183808224
2026-01-30,260.9953319972425
2026-01-31,239.03155792109843
2026-02-01,233.17998315350394
2026-02-02,239.11512828562508
2026-02-03,233.51112133664836
2026-02-04,222.41376255171596
2026-02-05,193.48582519238934
2026-02-06,210.86580567269277
2026-02-07,209.44936430621988
2026-02-08,206.74085544845346
2026-02-09,205.88772025261525
2026-02-10,200.40028316569357
2026-02-11,196.537162798602
2026-02-12,199.28184439348325
2026-02-13,203.5217631552898
2026-02-14,212.66145318624055
2026-02-15,204.82740699794317
2026-02-16,204.59666288121525
